Tempo (s),V1 (V),V2 (V),V1 - V2 (V)
-0.00041,0.0,0.0008,-0.0008
-0.00040899999999999997,0.0,0.0008,-0.0008
-0.000408,0.0,0.0008,-0.0008
-0.00040699999999999997,0.0,0.0008,-0.0008
-0.000406,0.0,0.0008,-0.0008
-0.000405,0.0,0.0008,-0.0008
-0.000404,0.0,0.0008,-0.0008
-0.000403,0.0,0.0008,-0.0008
-0.000402,0.0,0.0008,-0.0008
-0.000401,0.0,0.0008,-0.0008
-0.00039999999999999996,0.0,0.0008,-0.0008
-0.000399,0.0,0.0008,-0.0008
-0.00039799999999999997,0.0,0.0008,-0.0008
-0.000397,0.0,0.0008,-0.0008
-0.000396,0.0,0.0008,-0.0008
-0.000395,0.0,0.0008,-0.0008
-0.000394,0.0,0.0,0.0
-0.000393,0.0,0.0008,-0.0008
-0.000392,0.0,0.0,0.0
-0.000391,0.0,0.0008,-0.0008
-0.00039,0.0,0.0008,-0.0008
-0.00038899999999999997,0.0,0.0008,-0.0008
-0.000388,0.04,0.0008,0.0392
-0.000387,0.0,0.0008,-0.0008
-0.000386,0.0,0.0008,-0.0008
-0.000385,0.0,0.0008,-0.0008
-0.000384,0.0,0.0008,-0.0008
-0.000383,0.0,0.0,0.0
-0.000382,0.0,0.0008,-0.0008
-0.000381,0.0,0.0008,-0.0008
-0.00038,0.0,0.0,0.0
-0.000379,0.0,0.0008,-0.0008
-0.00037799999999999997,0.0,0.0008,-0.0008
-0.000377,0.0,0.0008,-0.0008
-0.000376,0.04,0.0,0.04
-0.000375,0.0,0.0008,-0.0008
-0.000374,0.0,0.0008,-0.0008
-0.000373,0.0,0.0008,-0.0008
-0.000372,0.0,0.0008,-0.0008
-0.000371,0.0,0.0008,-0.0008
-0.00037,0.0,0.0008,-0.0008
-0.00036899999999999997,0.04,0.0008,0.0392
-0.000368,0.0,0.0,0.0
-0.000367,0.0,0.0,0.0
-0.000366,0.0,0.0008,-0.0008
-0.000365,0.0,0.0008,-0.0008
-0.000364,0.04,0.0,0.04
-0.000363,0.0,0.0008,-0.0008
-0.000362,0.0,0.0008,-0.0008
-0.000361,0.0,0.0008,-0.0008
-0.00035999999999999997,0.0,0.0008,-0.0008
-0.000359,0.0,0.0008,-0.0008
-0.000358,0.0,0.0008,-0.0008
-0.000357,0.0,0.0008,-0.0008
-0.000356,0.0,0.0008,-0.0008
-0.000355,0.0,0.0008,-0.0008
-0.000354,0.0,0.0008,-0.0008
-0.000353,0.0,0.0008,-0.0008
-0.000352,0.0,0.0008,-0.0008
-0.00035099999999999997,0.0,0.0008,-0.0008
-0.00035,0.0,0.0008,-0.0008
-0.00034899999999999997,0.0,0.0008,-0.0008
-0.000348,0.0,0.0,0.0
-0.000347,0.0,0.0,0.0
-0.000346,0.0,0.0008,-0.0008
-0.000345,0.0,0.0008,-0.0008
-0.000344,0.0,0.0008,-0.0008
-0.000343,0.0,0.0008,-0.0008
-0.00034199999999999996,0.0,0.0008,-0.0008
-0.000341,0.0,0.0016,-0.0016
-0.00034,0.04,0.0008,0.0392
-0.000339,0.0,0.0,0.0
-0.000338,0.04,0.0008,0.0392
-0.000337,0.04,0.0008,0.0392
-0.000336,0.0,0.0008,-0.0008
-0.000335,0.0,0.0008,-0.0008
-0.000334,0.0,0.0008,-0.0008
-0.00033299999999999996,0.0,0.0008,-0.0008
-0.000332,0.0,0.0008,-0.0008
-0.000331,0.0,0.0,0.0
-0.00033,0.0,0.0008,-0.0008
-0.000329,0.0,0.0008,-0.0008
-0.000328,0.0,0.0008,-0.0008
-0.000327,0.0,0.0008,-0.0008
-0.000326,0.0,0.0008,-0.0008
-0.000325,0.0,0.0008,-0.0008
-0.000324,0.0,0.0008,-0.0008
-0.000323,0.0,0.0008,-0.0008
-0.000322,0.0,0.0008,-0.0008
-0.000321,0.0,0.0008,-0.0008
-0.00031999999999999997,0.0,0.0008,-0.0008
-0.000319,0.0,0.0008,-0.0008
-0.000318,0.0,0.0008,-0.0008
-0.000317,0.0,0.0008,-0.0008
-0.000316,0.0,0.0008,-0.0008
-0.000315,0.0,0.0,0.0
-0.000314,0.0,0.0,0.0
-0.000313,0.0,0.0008,-0.0008
-0.000312,0.0,0.0008,-0.0008
-0.00031099999999999997,0.0,0.0,0.0
-0.00031,0.0,0.0008,-0.0008
-0.000309,0.0,0.0008,-0.0008
-0.000308,0.0,0.0008,-0.0008
-0.000307,0.0,0.0,0.0
-0.000306,0.0,0.0008,-0.0008
-0.000305,0.0,0.0008,-0.0008
-0.000304,0.0,0.0008,-0.0008
-0.000303,0.0,0.0,0.0
-0.00030199999999999997,0.0,0.0008,-0.0008
-0.000301,0.0,0.0008,-0.0008
-0.00030000000000000003,0.0,0.0008,-0.0008
-0.000299,0.0,0.0008,-0.0008
-0.000298,0.0,0.0016,-0.0016
-0.000297,0.0,0.0008,-0.0008
-0.000296,0.0,0.0008,-0.0008
-0.000295,0.0,0.0008,-0.0008
-0.000294,0.0,0.0008,-0.0008
-0.00029299999999999997,0.0,0.0008,-0.0008
-0.000292,0.0,0.0008,-0.0008
-0.000291,0.0,0.0008,-0.0008
-0.00029,0.0,0.0008,-0.0008
-0.000289,0.0,0.0008,-0.0008
-0.000288,0.0,0.0008,-0.0008
-0.00028700000000000004,0.0,0.0008,-0.0008
-0.000286,0.0,0.0008,-0.0008
-0.000285,0.0,0.0008,-0.0008
-0.00028399999999999996,0.0,0.0,0.0
-0.000283,0.0,0.0008,-0.0008
-0.000282,0.0,0.0008,-0.0008
-0.000281,0.0,0.0008,-0.0008
-0.00028,0.0,0.0008,-0.0008
-0.000279,0.0,0.0008,-0.0008
-0.00027800000000000004,0.0,0.0008,-0.0008
-0.000277,0.0,0.0,0.0
-0.000276,0.0,0.0008,-0.0008
-0.00027499999999999996,0.0,0.0008,-0.0008
-0.000274,0.0,0.0008,-0.0008
-0.000273,0.0,0.0008,-0.0008
-0.000272,0.0,0.0008,-0.0008
-0.000271,0.0,0.0008,-0.0008
-0.00027,0.0,0.0008,-0.0008
-0.00026900000000000003,0.0,0.0008,-0.0008
-0.000268,0.0,0.0008,-0.0008
-0.000267,0.0,0.0,0.0
-0.00026599999999999996,0.0,0.0008,-0.0008
-0.000265,0.0,0.0,0.0
-0.000264,0.0,0.0008,-0.0008
-0.000263,0.0,0.0008,-0.0008
-0.00026199999999999997,0.0,0.0,0.0
-0.000261,0.0,0.0008,-0.0008
-0.00026000000000000003,0.0,0.0008,-0.0008
-0.000259,0.0,0.0,0.0
-0.000258,0.0,0.0008,-0.0008
-0.00025699999999999996,0.0,0.0008,-0.0008
-0.000256,0.0,0.0008,-0.0008
-0.000255,0.0,0.0,0.0
-0.000254,0.0,0.0008,-0.0008
-0.00025299999999999997,0.0,0.0008,-0.0008
-0.000252,0.0,0.0008,-0.0008
-0.00025100000000000003,0.0,0.0008,-0.0008
-0.00025,0.0,0.0008,-0.0008
-0.000249,0.0,0.0008,-0.0008
-0.000248,0.0,0.0008,-0.0008
-0.000247,0.0,0.0008,-0.0008
-0.000246,0.0,0.0008,-0.0008
-0.000245,0.0,0.0008,-0.0008
-0.000244,0.0,0.0008,-0.0008
-0.000243,0.0,0.0008,-0.0008
-0.000242,0.04,0.0008,0.0392
-0.000241,0.0,0.0008,-0.0008
-0.00024,0.0,0.0,0.0
-0.000239,0.0,0.0008,-0.0008
-0.000238,0.0,0.0008,-0.0008
-0.000237,0.0,0.0,0.0
-0.000236,0.0,0.0008,-0.0008
-0.000235,0.0,0.0008,-0.0008
-0.000234,0.0,0.0008,-0.0008
-0.000233,0.0,0.0008,-0.0008
-0.000232,0.0,0.0008,-0.0008
-0.000231,0.0,0.0008,-0.0008
-0.00023,0.04,0.0008,0.0392
-0.000229,0.0,0.0008,-0.0008
-0.000228,0.0,0.0008,-0.0008
-0.000227,0.0,0.0008,-0.0008
-0.000226,0.0,0.0,0.0
-0.000225,0.0,0.0008,-0.0008
-0.000224,0.0,0.0008,-0.0008
-0.000223,0.0,0.0008,-0.0008
-0.000222,0.0,0.0008,-0.0008
-0.000221,0.0,0.0008,-0.0008
-0.00022,0.0,0.0008,-0.0008
-0.000219,0.0,0.0008,-0.0008
-0.00021799999999999999,0.04,0.0008,0.0392
-0.000217,0.0,0.0008,-0.0008
-0.000216,0.0,0.0008,-0.0008
-0.000215,0.0,0.0008,-0.0008
-0.000214,0.04,0.0008,0.0392
-0.000213,0.0,0.0008,-0.0008
-0.000212,0.0,0.0008,-0.0008
-0.000211,0.0,0.0008,-0.0008
-0.00021,0.0,0.0008,-0.0008
-0.000209,0.0,0.0008,-0.0008
-0.000208,0.0,0.0008,-0.0008
-0.000207,0.0,0.0008,-0.0008
-0.000206,0.04,0.0008,0.0392
-0.000205,0.0,0.0008,-0.0008
-0.000204,0.0,0.0008,-0.0008
-0.000203,0.0,0.0008,-0.0008
-0.000202,0.0,0.0008,-0.0008
-0.000201,0.0,0.0008,-0.0008
-0.0002,0.0,0.0008,-0.0008
-0.000199,0.0,0.0008,-0.0008
-0.000198,0.04,0.0008,0.0392
-0.000197,0.0,0.0008,-0.0008
-0.000196,0.0,0.0008,-0.0008
-0.000195,0.0,0.0,0.0
-0.000194,0.0,0.0016,-0.0016
-0.000193,0.0,0.0008,-0.0008
-0.000192,0.0,0.0008,-0.0008
-0.000191,0.0,0.0008,-0.0008
-0.00019,0.0,0.0008,-0.0008
-0.000189,0.04,0.0008,0.0392
-0.000188,0.0,0.0008,-0.0008
-0.000187,0.0,0.0008,-0.0008
-0.000186,0.0,0.0008,-0.0008
-0.000185,0.0,0.0008,-0.0008
-0.000184,0.0,0.0,0.0
-0.000183,0.0,0.0,0.0
-0.000182,0.0,0.0008,-0.0008
-0.000181,0.0,0.0,0.0
-0.00018,0.0,0.0,0.0
-0.00017900000000000001,0.0,0.0008,-0.0008
-0.000178,0.0,0.0008,-0.0008
-0.000177,0.04,0.0008,0.0392
-0.000176,0.0,0.0008,-0.0008
-0.000175,0.0,0.0008,-0.0008
-0.000174,0.0,0.0008,-0.0008
-0.000173,0.0,0.0,0.0
-0.000172,0.0,0.0008,-0.0008
-0.000171,0.0,0.0008,-0.0008
-0.00017,0.0,0.0008,-0.0008
-0.00016900000000000002,0.0,0.0008,-0.0008
-0.000168,0.0,0.0008,-0.0008
-0.000167,0.0,0.0008,-0.0008
-0.000166,0.0,0.0,0.0
-0.000165,0.0,0.0008,-0.0008
-0.00016400000000000003,0.0,0.0008,-0.0008
-0.000163,0.0,0.0,0.0
-0.00016199999999999998,0.0,0.0008,-0.0008
-0.000161,0.0,0.0008,-0.0008
-0.00015999999999999999,0.0,0.0008,-0.0008
-0.00015900000000000002,0.04,0.0008,0.0392
-0.000158,0.04,0.0008,0.0392
-0.00015700000000000002,0.0,0.0008,-0.0008
-0.000156,0.0,0.0008,-0.0008
-0.00015500000000000003,0.04,0.0008,0.0392
-0.000154,0.0,0.0,0.0
-0.00015299999999999998,0.0,0.0008,-0.0008
-0.000152,0.0,0.0008,-0.0008
-0.00015099999999999998,0.0,0.0008,-0.0008
-0.00015000000000000001,0.0,0.0008,-0.0008
-0.000149,0.0,0.0008,-0.0008
-0.00014800000000000002,0.0,0.0008,-0.0008
-0.000147,0.0,0.0008,-0.0008
-0.00014600000000000003,0.0,0.0,0.0
-0.000145,0.0,0.0008,-0.0008
-0.00014399999999999998,0.0,0.0008,-0.0008
-0.000143,0.0,0.0,0.0
-0.00014199999999999998,0.0,0.0,0.0
-0.000141,0.04,0.0008,0.0392
-0.00014,0.0,0.0008,-0.0008
-0.00013900000000000002,0.0,0.0008,-0.0008
-0.000138,0.0,0.0,0.0
-0.00013700000000000002,0.0,0.0,0.0
-0.000136,0.0,0.0008,-0.0008
-0.00013500000000000003,0.0,0.0008,-0.0008
-0.000134,0.0,0.0008,-0.0008
-0.00013299999999999998,0.04,0.0008,0.0392
-0.000132,0.0,0.0008,-0.0008
-0.00013099999999999999,0.0,0.0008,-0.0008
-0.00013000000000000002,0.0,0.0,0.0
-0.000129,0.0,0.0008,-0.0008
-0.00012800000000000002,0.0,0.0008,-0.0008
-0.000127,0.04,0.0008,0.0392
-0.00012600000000000003,0.0,0.0008,-0.0008
-0.000125,0.0,0.0008,-0.0008
-0.00012399999999999998,0.0,0.0008,-0.0008
-0.000123,0.04,0.0008,0.0392
-0.00012199999999999998,0.0,0.0008,-0.0008
-0.00012100000000000001,0.0,0.0008,-0.0008
-0.00011999999999999999,0.0,0.0008,-0.0008
-0.00011900000000000002,0.0,0.0,0.0
-0.000118,0.0,0.0008,-0.0008
-0.00011700000000000002,0.0,0.0008,-0.0008
-0.000116,0.04,0.0008,0.0392
-0.00011500000000000003,0.0,0.0008,-0.0008
-0.000114,0.0,0.0008,-0.0008
-0.00011299999999999998,0.0,0.0,0.0
-0.00011200000000000001,0.0,0.0008,-0.0008
-0.00011099999999999999,0.0,0.0008,-0.0008
-0.00011000000000000002,0.0,0.0008,-0.0008
-0.00010899999999999999,0.0,0.0008,-0.0008
-0.00010800000000000002,0.0,0.0008,-0.0008
-0.000107,0.0,0.0008,-0.0008
-0.00010600000000000003,0.0,0.0008,-0.0008
-0.000105,0.0,0.0008,-0.0008
-0.00010399999999999998,0.0,0.0008,-0.0008
-0.00010300000000000001,0.0,0.0008,-0.0008
-0.00010199999999999999,0.0,0.0008,-0.0008
-0.00010100000000000002,0.0,0.0008,-0.0008
-9.999999999999999e-05,0.0,0.0008,-0.0008
-9.900000000000002e-05,0.0,0.0008,-0.0008
-9.8e-05,0.0,0.0008,-0.0008
-9.700000000000003e-05,0.0,0.0008,-0.0008
-9.6e-05,0.0,0.0008,-0.0008
-9.500000000000003e-05,0.0,0.0008,-0.0008
-9.400000000000001e-05,0.0,0.0008,-0.0008
-9.299999999999998e-05,0.0,0.0008,-0.0008
-9.200000000000001e-05,0.04,0.0008,0.0392
-9.099999999999999e-05,0.0,0.0008,-0.0008
-9.000000000000002e-05,0.0,0.0008,-0.0008
-8.9e-05,0.0,0.0008,-0.0008
-8.800000000000002e-05,0.0,0.0008,-0.0008
-8.7e-05,0.0,0.0008,-0.0008
-8.600000000000003e-05,0.0,0.0008,-0.0008
-8.5e-05,0.0,0.0008,-0.0008
-8.399999999999998e-05,0.0,0.0008,-0.0008
-8.300000000000001e-05,0.0,0.0008,-0.0008
-8.199999999999999e-05,0.0,0.0008,-0.0008
-8.100000000000002e-05,0.0,0.0008,-0.0008
-7.999999999999999e-05,0.0,0.0008,-0.0008
-7.900000000000002e-05,0.04,0.0008,0.0392
-7.8e-05,0.0,0.0,0.0
-7.700000000000003e-05,0.04,0.0008,0.0392
-7.6e-05,0.0,0.0,0.0
-7.499999999999998e-05,0.0,0.0008,-0.0008
-7.400000000000001e-05,0.0,0.0008,-0.0008
-7.299999999999999e-05,0.0,0.0008,-0.0008
-7.200000000000002e-05,0.0,0.0008,-0.0008
-7.099999999999999e-05,0.0,0.0008,-0.0008
-7.000000000000002e-05,0.0,0.0008,-0.0008
-6.9e-05,0.0,0.0,0.0
-6.800000000000003e-05,0.0,0.0008,-0.0008
-6.7e-05,0.0,0.0008,-0.0008
-6.600000000000003e-05,0.0,0.0008,-0.0008
-6.500000000000001e-05,0.0,0.0008,-0.0008
-6.399999999999998e-05,0.0,0.0008,-0.0008
-6.300000000000001e-05,0.0,0.0008,-0.0008
-6.199999999999999e-05,0.04,0.0,0.04
-6.100000000000002e-05,0.0,0.0,0.0
-5.9999999999999995e-05,0.0,0.0008,-0.0008
-5.9000000000000025e-05,0.0,0.0008,-0.0008
-5.8e-05,0.04,0.0008,0.0392
-5.700000000000003e-05,0.0,0.0008,-0.0008
-5.6000000000000006e-05,0.0,0.0008,-0.0008
-5.499999999999998e-05,0.0,0.0008,-0.0008
-5.400000000000001e-05,0.0,0.0008,-0.0008
-5.299999999999999e-05,0.0,0.0,0.0
-5.200000000000002e-05,0.0,0.0008,-0.0008
-5.099999999999999e-05,0.0,0.0008,-0.0008
-5.000000000000002e-05,0.0,0.0008,-0.0008
-4.9e-05,0.0,0.0008,-0.0008
-4.800000000000003e-05,0.0,0.0,0.0
-4.7000000000000004e-05,0.0,0.0,0.0
-4.6000000000000034e-05,0.0,0.0,0.0
-4.500000000000001e-05,0.0,0.0008,-0.0008
-4.3999999999999985e-05,0.0,0.0,0.0
-4.3000000000000015e-05,0.0,0.0008,-0.0008
-4.199999999999999e-05,0.0,0.0008,-0.0008
-4.100000000000002e-05,0.0,0.0008,-0.0008
-3.9999999999999996e-05,0.04,0.0008,0.0392
-3.9000000000000026e-05,0.0,0.0008,-0.0008
-3.8e-05,0.0,0.0008,-0.0008
-3.700000000000003e-05,0.0,0.0008,-0.0008
-3.600000000000001e-05,0.0,0.0008,-0.0008
-3.499999999999998e-05,0.0,0.0008,-0.0008
-3.400000000000001e-05,0.0,0.0008,-0.0008
-3.299999999999999e-05,0.04,0.0008,0.0392
-3.200000000000002e-05,0.04,0.0008,0.0392
-3.0999999999999995e-05,0.04,0.0008,0.0392
-3.0000000000000024e-05,0.0,0.0008,-0.0008
-2.9e-05,0.0,0.0008,-0.0008
-2.800000000000003e-05,0.0,0.0008,-0.0008
-2.7000000000000006e-05,0.0,0.0008,-0.0008
-2.599999999999998e-05,0.0,0.0008,-0.0008
-2.500000000000001e-05,0.04,0.0008,0.0392
-2.3999999999999987e-05,0.0,0.0008,-0.0008
-2.3000000000000017e-05,0.0,0.0008,-0.0008
-2.1999999999999993e-05,0.0,0.0008,-0.0008
-2.1000000000000023e-05,0.0,0.0008,-0.0008
-1.9999999999999998e-05,0.0,0.0008,-0.0008
-1.9000000000000028e-05,0.04,0.0008,0.0392
-1.8000000000000004e-05,0.0,0.0008,-0.0008
-1.7000000000000034e-05,0.04,0.0016,0.038400000000000004
-1.600000000000001e-05,0.04,0.0008,0.0392
-1.4999999999999985e-05,0.04,0.0008,0.0392
-1.4000000000000015e-05,0.04,0.0008,0.0392
-1.299999999999999e-05,0.04,0.0008,0.0392
-1.200000000000002e-05,0.04,0.0008,0.0392
-1.0999999999999996e-05,0.04,0.0008,0.0392
-1.0000000000000026e-05,0.04,0.0008,0.0392
-9.000000000000002e-06,0.04,0.0,0.04
-8.000000000000032e-06,0.04,0.0008,0.0392
-7.0000000000000075e-06,0.04,0.0008,0.0392
-5.999999999999983e-06,0.04,0.0016,0.038400000000000004
-5.000000000000013e-06,0.04,0.0008,0.0392
-3.999999999999989e-06,0.04,0.0008,0.0392
-3.0000000000000187e-06,0.04,0.0008,0.0392
-1.9999999999999944e-06,0.04,0.0008,0.0392
-1.0000000000000243e-06,0.04,0.0,0.04
0.0,0.04,0.0008,0.0392
9.9999999999997e-07,0.04,0.0008,0.0392
1.9999999999999944e-06,0.04,0.0016,0.038400000000000004
2.9999999999999645e-06,4.04,0.007200000000000001,4.0328
3.999999999999989e-06,4.04,0.004,4.0360000000000005
5.000000000000013e-06,4.04,0.0056,4.0344
5.999999999999983e-06,4.04,0.0056,4.0344
7.0000000000000075e-06,4.0,0.0088,3.9912
7.999999999999978e-06,4.0,0.0112,3.9888
9.000000000000002e-06,4.0,0.0128,3.9872
9.999999999999972e-06,4.0,0.013600000000000001,3.9864
1.0999999999999996e-05,4.0,0.0152,3.9848
1.1999999999999966e-05,4.0,0.0176,3.9824
1.299999999999999e-05,4.0,0.02,3.98
1.4000000000000015e-05,4.0,0.0216,3.9784
1.4999999999999985e-05,4.0,0.023200000000000002,3.9768
1.600000000000001e-05,4.0,0.024,3.976
1.699999999999998e-05,4.0,0.0264,3.9736
1.8000000000000004e-05,4.0,0.028800000000000003,3.9712
1.8999999999999974e-05,4.0,0.0304,3.9696
1.9999999999999998e-05,4.0,0.031200000000000002,3.9688
2.099999999999997e-05,4.0,0.0328,3.9672
2.1999999999999993e-05,3.96,0.033600000000000005,3.9264
2.2999999999999963e-05,3.96,0.0368,3.9232
2.3999999999999987e-05,3.96,0.0376,3.9224
2.500000000000001e-05,3.96,0.0392,3.9208
2.599999999999998e-05,3.96,0.04,3.92
2.7000000000000006e-05,3.96,0.041600000000000005,3.9184
2.7999999999999976e-05,3.96,0.044000000000000004,3.916
2.9e-05,3.96,0.0456,3.9144
2.999999999999997e-05,3.96,0.046400000000000004,3.9135999999999997
3.0999999999999995e-05,3.96,0.0472,3.9128
3.1999999999999965e-05,3.96,0.0488,3.9112
3.299999999999999e-05,3.92,0.0504,3.8696
3.400000000000001e-05,3.96,0.052000000000000005,3.908
3.499999999999998e-05,3.96,0.0528,3.9072
3.600000000000001e-05,3.92,0.054400000000000004,3.8655999999999997
3.699999999999998e-05,3.92,0.055200000000000006,3.8648
3.8e-05,3.92,0.0568,3.8632
3.899999999999997e-05,3.92,0.057600000000000005,3.8624
3.9999999999999996e-05,3.92,0.0592,3.8608
4.0999999999999967e-05,3.92,0.060000000000000005,3.86
4.199999999999999e-05,3.92,0.0608,3.8592
4.3000000000000015e-05,3.92,0.062400000000000004,3.8576
4.3999999999999985e-05,3.92,0.0632,3.8568
4.500000000000001e-05,3.92,0.0648,3.8552
4.599999999999998e-05,3.92,0.0656,3.8544
4.7000000000000004e-05,3.92,0.0664,3.8536
4.7999999999999974e-05,3.92,0.06720000000000001,3.8528
4.9e-05,3.92,0.068,3.852
4.999999999999997e-05,3.88,0.0688,3.8112
5.099999999999999e-05,3.88,0.06960000000000001,3.8104
5.199999999999996e-05,3.88,0.0704,3.8096
5.299999999999999e-05,3.88,0.0712,3.8087999999999997
5.400000000000001e-05,3.88,0.07200000000000001,3.808
5.499999999999998e-05,3.88,0.0728,3.8072
5.6000000000000006e-05,3.88,0.0728,3.8072
5.6999999999999976e-05,3.88,0.0736,3.8064
5.8e-05,3.88,0.07440000000000001,3.8056
5.899999999999997e-05,3.88,0.0752,3.8047999999999997
5.9999999999999995e-05,3.88,0.0752,3.8047999999999997
6.0999999999999965e-05,3.88,0.076,3.804
6.199999999999999e-05,3.88,0.076,3.804
6.300000000000001e-05,3.88,0.07680000000000001,3.8032
6.399999999999998e-05,3.88,0.0776,3.8024
6.500000000000001e-05,3.88,0.0776,3.8024
6.599999999999998e-05,3.88,0.0776,3.8024
6.7e-05,3.88,0.0776,3.8024
6.799999999999997e-05,3.88,0.0784,3.8016
6.9e-05,3.88,0.0784,3.8016
6.999999999999997e-05,3.88,0.0784,3.8016
7.099999999999999e-05,3.88,0.0784,3.8016
7.199999999999996e-05,3.88,0.0784,3.8016
7.299999999999999e-05,3.88,0.0792,3.8007999999999997
7.400000000000001e-05,3.88,0.0792,3.8007999999999997
7.499999999999998e-05,3.88,0.0792,3.8007999999999997
7.6e-05,3.88,0.0792,3.8007999999999997
7.699999999999997e-05,3.88,0.0792,3.8007999999999997
7.8e-05,3.88,0.0784,3.8016
7.899999999999997e-05,3.88,0.0792,3.8007999999999997
7.999999999999999e-05,3.88,0.0784,3.8016
8.100000000000002e-05,3.88,0.0784,3.8016
8.199999999999993e-05,3.88,0.0776,3.8024
8.299999999999996e-05,3.88,0.0776,3.8024
8.399999999999998e-05,3.88,0.0776,3.8024
8.5e-05,3.88,0.07680000000000001,3.8032
8.600000000000003e-05,3.88,0.076,3.804
8.699999999999995e-05,3.88,0.076,3.804
8.799999999999997e-05,3.88,0.0752,3.8047999999999997
8.9e-05,3.88,0.0752,3.8047999999999997
9.000000000000002e-05,3.88,0.07440000000000001,3.8056
9.099999999999994e-05,3.88,0.07440000000000001,3.8056
9.199999999999996e-05,3.88,0.0736,3.8064
9.299999999999998e-05,3.88,0.0728,3.8072
9.400000000000001e-05,3.88,0.07200000000000001,3.808
9.500000000000003e-05,3.88,0.07200000000000001,3.808
9.599999999999995e-05,3.88,0.0712,3.8087999999999997
9.699999999999997e-05,3.88,0.0704,3.8096
9.8e-05,3.88,0.06960000000000001,3.8104
9.900000000000002e-05,3.88,0.0688,3.8112
9.999999999999994e-05,3.88,0.068,3.812
0.00010099999999999996,3.92,0.06720000000000001,3.8528
0.00010199999999999999,3.92,0.0664,3.8536
0.00010300000000000001,3.92,0.0656,3.8544
0.00010400000000000003,3.92,0.064,3.856
0.00010499999999999995,3.92,0.0632,3.8568
0.00010599999999999997,3.92,0.062400000000000004,3.8576
0.000107,3.92,0.0616,3.8584
0.00010800000000000002,3.92,0.0608,3.8592
0.00010899999999999994,3.92,0.0592,3.8608
0.00010999999999999996,3.92,0.0584,3.8616
0.00011099999999999999,3.92,0.0568,3.8632
0.00011200000000000001,3.92,0.056,3.864
0.00011300000000000004,3.92,0.054400000000000004,3.8655999999999997
0.00011399999999999995,3.92,0.0536,3.8664
0.00011499999999999998,3.92,0.052000000000000005,3.868
0.000116,3.92,0.0512,3.8688
0.00011700000000000002,3.92,0.0504,3.8696
0.00011799999999999994,3.92,0.0488,3.8712
0.00011899999999999997,3.96,0.048,3.912
0.00011999999999999999,3.96,0.046400000000000004,3.9135999999999997
0.00012100000000000001,3.96,0.0448,3.9152
0.00012200000000000004,3.96,0.044000000000000004,3.916
0.00012299999999999995,3.96,0.0424,3.9175999999999997
0.00012399999999999998,3.96,0.041600000000000005,3.9184
0.000125,3.96,0.04,3.92
0.00012600000000000003,3.96,0.0392,3.9208
0.00012699999999999994,3.96,0.0368,3.9232
0.00012799999999999997,3.96,0.036000000000000004,3.924
0.000129,3.96,0.0344,3.9255999999999998
0.00013000000000000002,3.96,0.0328,3.9272
0.00013099999999999993,3.96,0.031200000000000002,3.9288
0.00013199999999999996,4.0,0.0296,3.9704
0.00013299999999999998,4.0,0.028,3.972
0.000134,4.0,0.0264,3.9736
0.00013500000000000003,4.0,0.0256,3.9744
0.00013599999999999994,4.0,0.024,3.976
0.00013699999999999997,4.0,0.0224,3.9776
0.000138,4.0,0.020800000000000003,3.9792
0.00013900000000000002,4.0,0.019200000000000002,3.9808
0.00013999999999999993,4.0,0.0176,3.9824
0.00014099999999999996,4.0,0.016800000000000002,3.9832
0.00014199999999999998,4.0,0.0152,3.9848
0.000143,4.0,0.013600000000000001,3.9864
0.00014400000000000003,4.0,0.012,3.988
0.00014499999999999995,4.04,0.010400000000000001,4.0296
0.00014599999999999997,4.04,0.0088,4.0312
0.000147,4.04,0.007200000000000001,4.0328
0.00014800000000000002,4.04,0.0064,4.0336
0.00014899999999999994,4.04,0.004,4.0360000000000005
0.00014999999999999996,4.04,0.0032,4.0368
0.00015099999999999998,4.04,0.0016,4.0384
0.000152,4.04,0.0,4.04
0.00015300000000000003,4.08,-0.0016,4.0816
0.00015399999999999995,4.08,-0.0032,4.0832
0.00015499999999999997,4.08,-0.0048000000000000004,4.0848
0.000156,4.08,-0.0064,4.0864
0.00015700000000000002,4.08,-0.008,4.088
0.00015799999999999994,4.08,-0.0088,4.0888
0.00015899999999999996,4.08,-0.010400000000000001,4.0904
0.00015999999999999999,4.08,-0.012,4.092
0.000161,4.08,-0.013600000000000001,4.0936
0.00016200000000000003,4.08,-0.014400000000000001,4.0944
0.00016299999999999995,4.08,-0.016,4.096
0.00016399999999999997,4.08,-0.016800000000000002,4.0968
0.000165,4.08,-0.019200000000000002,4.0992
0.00016600000000000002,4.12,-0.02,4.14
0.00016699999999999994,4.08,-0.0224,4.1024
0.00016799999999999996,4.08,-0.023200000000000002,4.1032
0.000169,4.12,-0.023200000000000002,4.1432
0.00017,4.12,-0.0264,4.1464
0.00017100000000000004,4.12,-0.0256,4.1456
0.00017199999999999995,4.12,-0.028,4.148
0.00017299999999999998,4.12,-0.0304,4.1504
0.000174,4.12,-0.031200000000000002,4.1512
0.00017500000000000003,4.12,-0.031200000000000002,4.1512
0.00017599999999999994,4.12,-0.033600000000000005,4.1536
0.00017699999999999997,4.12,-0.0344,4.1544
0.000178,4.12,-0.036000000000000004,4.156
0.00017900000000000001,4.12,-0.0376,4.1576
0.00017999999999999993,4.12,-0.038400000000000004,4.1584
0.00018099999999999995,4.16,-0.04,4.2
0.00018199999999999998,4.16,-0.0408,4.2008
0.000183,4.16,-0.041600000000000005,4.2016
0.00018400000000000003,4.16,-0.0432,4.2032
0.00018499999999999994,4.16,-0.044000000000000004,4.204
0.00018599999999999997,4.16,-0.046400000000000004,4.2064
0.000187,4.16,-0.0456,4.2056000000000004
0.00018800000000000002,4.16,-0.0472,4.2072
0.00018899999999999993,4.16,-0.046400000000000004,4.2064
0.00018999999999999996,4.2,-0.0488,4.2488
0.00019099999999999998,4.16,-0.049600000000000005,4.2096
0.000192,4.16,-0.0504,4.2104
0.00019300000000000003,4.2,-0.0512,4.2512
0.00019399999999999995,4.2,-0.0512,4.2512
0.00019499999999999997,4.2,-0.0528,4.252800000000001
0.000196,4.16,-0.0528,4.2128000000000005
0.00019700000000000002,4.16,-0.0536,4.2136000000000005
0.00019799999999999993,4.2,-0.055200000000000006,4.2552
0.00019899999999999996,4.16,-0.055200000000000006,4.2152
0.00019999999999999998,4.2,-0.0568,4.2568
0.000201,4.2,-0.0568,4.2568
0.00020200000000000003,4.2,-0.0568,4.2568
0.00020299999999999995,4.2,-0.0584,4.2584
0.00020399999999999997,4.2,-0.0584,4.2584
0.000205,4.2,-0.0592,4.2592
0.00020600000000000002,4.2,-0.060000000000000005,4.26
0.00020699999999999994,4.2,-0.060000000000000005,4.26
0.00020799999999999996,4.2,-0.0608,4.260800000000001
0.00020899999999999998,4.2,-0.0616,4.2616000000000005
0.00021,4.2,-0.0616,4.2616000000000005
0.00021100000000000003,4.2,-0.062400000000000004,4.2624
0.00021199999999999995,4.2,-0.062400000000000004,4.2624
0.00021299999999999997,4.2,-0.062400000000000004,4.2624
0.000214,4.2,-0.0632,4.2632
0.00021500000000000002,4.2,-0.0632,4.2632
0.00021599999999999994,4.2,-0.0632,4.2632
0.00021699999999999996,4.2,-0.064,4.264
0.00021799999999999999,4.2,-0.064,4.264
0.000219,4.2,-0.0632,4.2632
0.00021999999999999993,4.2,-0.064,4.264
0.00022099999999999995,4.2,-0.064,4.264
0.00022199999999999998,4.2,-0.064,4.264
0.000223,4.2,-0.0648,4.2648
0.00022400000000000002,4.2,-0.064,4.264
0.00022499999999999994,4.2,-0.064,4.264
0.00022599999999999996,4.2,-0.0648,4.2648
0.000227,4.2,-0.064,4.264
0.000228,4.2,-0.064,4.264
0.00022899999999999993,4.2,-0.064,4.264
0.00022999999999999995,4.2,-0.064,4.264
0.00023099999999999998,4.2,-0.0632,4.2632
0.000232,4.2,-0.0632,4.2632
0.00023300000000000003,4.2,-0.0632,4.2632
0.00023399999999999994,4.2,-0.062400000000000004,4.2624
0.00023499999999999997,4.2,-0.062400000000000004,4.2624
0.000236,4.2,-0.062400000000000004,4.2624
0.00023700000000000001,4.2,-0.0616,4.2616000000000005
0.00023799999999999993,4.2,-0.0616,4.2616000000000005
0.00023899999999999995,4.2,-0.0608,4.260800000000001
0.00023999999999999998,4.2,-0.060000000000000005,4.26
0.000241,4.2,-0.060000000000000005,4.26
0.00024200000000000003,4.2,-0.0592,4.2592
0.00024299999999999994,4.16,-0.0592,4.2192
0.00024399999999999997,4.2,-0.0584,4.2584
0.000245,4.2,-0.057600000000000005,4.2576
0.000246,4.2,-0.057600000000000005,4.2576
0.00024699999999999993,4.2,-0.0568,4.2568
0.00024799999999999996,4.2,-0.056,4.256
0.000249,4.2,-0.056,4.256
0.00025,4.2,-0.054400000000000004,4.2544
0.00025100000000000003,4.2,-0.0536,4.2536000000000005
0.00025199999999999995,4.2,-0.0536,4.2536000000000005
0.00025299999999999997,4.16,-0.052000000000000005,4.212
0.000254,4.16,-0.052000000000000005,4.212
0.000255,4.16,-0.0512,4.2112
0.00025599999999999993,4.16,-0.0504,4.2104
0.00025699999999999996,4.16,-0.049600000000000005,4.2096
0.000258,4.16,-0.0488,4.2088
0.000259,4.16,-0.048,4.208
0.00026000000000000003,4.16,-0.046400000000000004,4.2064
0.00026099999999999995,4.16,-0.0456,4.2056000000000004
0.00026199999999999997,4.16,-0.0448,4.2048000000000005
0.000263,4.16,-0.044000000000000004,4.204
0.000264,4.16,-0.0432,4.2032
0.00026499999999999994,4.16,-0.041600000000000005,4.2016
0.00026599999999999996,4.16,-0.0408,4.2008
0.000267,4.16,-0.04,4.2
0.000268,4.12,-0.038400000000000004,4.1584
0.0002689999999999999,4.12,-0.0376,4.1576
0.00026999999999999995,4.12,-0.0368,4.1568000000000005
0.000271,4.12,-0.036000000000000004,4.156
0.000272,4.12,-0.0344,4.1544
0.000273,4.12,-0.033600000000000005,4.1536
0.00027399999999999994,4.12,-0.032,4.152
0.00027499999999999996,4.12,-0.031200000000000002,4.1512
0.000276,4.12,-0.0304,4.1504
0.000277,4.12,-0.028800000000000003,4.1488000000000005
0.0002779999999999999,4.12,-0.028,4.148
0.00027899999999999995,4.12,-0.0264,4.1464
0.00028,4.12,-0.024800000000000003,4.1448
0.000281,4.12,-0.024,4.144
0.000282,4.08,-0.023200000000000002,4.1032
0.00028299999999999994,4.12,-0.0216,4.1416
0.00028399999999999996,4.08,-0.020800000000000003,4.1008000000000004
0.000285,4.08,-0.019200000000000002,4.0992
0.000286,4.08,-0.0184,4.0984
0.00028699999999999993,4.08,-0.016800000000000002,4.0968
0.00028799999999999995,4.08,-0.0152,4.0952
0.000289,4.08,-0.014400000000000001,4.0944
0.00029,4.08,-0.013600000000000001,4.0936
0.000291,4.08,-0.012,4.092
0.00029199999999999994,4.08,-0.0112,4.0912
0.00029299999999999997,4.08,-0.009600000000000001,4.0896
0.000294,4.08,-0.0088,4.0888
0.000295,4.08,-0.007200000000000001,4.0872
0.00029599999999999993,4.04,-0.0056,4.0456
0.00029699999999999996,4.08,-0.0048000000000000004,4.0848
0.000298,4.04,-0.0032,4.0432
0.000299,4.04,-0.0016,4.0416
0.00030000000000000003,4.04,-0.0016,4.0416
0.00030099999999999994,4.04,0.0008,4.0392
0.00030199999999999997,4.04,0.0016,4.0384
0.000303,4.04,0.0032,4.0368
0.000304,4.04,0.004,4.0360000000000005
0.00030499999999999993,4.04,0.0056,4.0344
0.00030599999999999996,4.04,0.0064,4.0336
0.000307,4.04,0.008,4.032
0.000308,4.04,0.0088,4.0312
0.00030900000000000003,4.04,0.010400000000000001,4.0296
0.00030999999999999995,4.04,0.0112,4.0288
0.00031099999999999997,4.04,0.0128,4.0272
0.000312,4.0,0.013600000000000001,3.9864
0.000313,4.0,0.0152,3.9848
0.00031399999999999993,4.0,0.016800000000000002,3.9832
0.00031499999999999996,4.0,0.016800000000000002,3.9832
0.000316,4.0,0.0184,3.9816
0.000317,4.0,0.02,3.98
0.0003179999999999999,4.0,0.020800000000000003,3.9792
0.00031899999999999995,4.0,0.0216,3.9784
0.00031999999999999997,4.0,0.023200000000000002,3.9768
0.000321,4.0,0.024,3.976
0.000322,4.0,0.024800000000000003,3.9752
0.00032299999999999994,4.0,0.0264,3.9736
0.00032399999999999996,4.0,0.027200000000000002,3.9728
0.000325,4.0,0.028800000000000003,3.9712
0.000326,4.0,0.028800000000000003,3.9712
0.0003269999999999999,4.0,0.0304,3.9696
0.00032799999999999995,3.96,0.031200000000000002,3.9288
0.000329,3.96,0.032,3.928
0.00033,3.96,0.0328,3.9272
0.000331,3.96,0.0344,3.9255999999999998
0.00033199999999999994,3.96,0.0344,3.9255999999999998
0.00033299999999999996,3.96,0.036000000000000004,3.924
0.000334,3.96,0.0368,3.9232
0.000335,3.96,0.0376,3.9224
0.00033599999999999993,3.96,0.038400000000000004,3.9215999999999998
0.00033699999999999995,3.96,0.04,3.92
0.000338,3.96,0.04,3.92
0.000339,3.96,0.041600000000000005,3.9184
0.00034,3.96,0.041600000000000005,3.9184
0.00034099999999999994,3.96,0.0424,3.9175999999999997
0.00034199999999999996,3.96,0.0432,3.9168
0.000343,3.96,0.044000000000000004,3.916
0.000344,3.96,0.0448,3.9152
0.00034499999999999993,3.96,0.0456,3.9144
0.00034599999999999995,3.96,0.0456,3.9144
0.000347,3.96,0.046400000000000004,3.9135999999999997
0.000348,3.96,0.046400000000000004,3.9135999999999997
0.000349,3.96,0.0472,3.9128
0.00034999999999999994,3.96,0.048,3.912
0.00035099999999999997,3.96,0.048,3.912
0.000352,3.96,0.049600000000000005,3.9104
0.000353,3.96,0.049600000000000005,3.9104
0.00035399999999999993,3.92,0.049600000000000005,3.8704
0.00035499999999999996,3.92,0.0504,3.8696
0.000356,3.92,0.0504,3.8696
0.000357,3.92,0.0512,3.8688
0.00035800000000000003,3.96,0.0512,3.9088
0.00035899999999999994,3.92,0.052000000000000005,3.868
0.00035999999999999997,3.92,0.052000000000000005,3.868
0.000361,3.92,0.0528,3.8672
0.000362,3.92,0.0528,3.8672
0.00036299999999999993,3.92,0.0528,3.8672
0.00036399999999999996,3.92,0.0536,3.8664
0.000365,3.92,0.0536,3.8664
0.000366,3.92,0.0536,3.8664
0.0003669999999999999,3.92,0.0536,3.8664
0.00036799999999999995,3.92,0.0536,3.8664
0.00036899999999999997,3.92,0.054400000000000004,3.8655999999999997
0.00037,3.92,0.0536,3.8664
0.000371,3.92,0.054400000000000004,3.8655999999999997
0.00037199999999999993,3.92,0.054400000000000004,3.8655999999999997
0.00037299999999999996,3.92,0.054400000000000004,3.8655999999999997
0.000374,3.92,0.054400000000000004,3.8655999999999997
0.000375,3.92,0.054400000000000004,3.8655999999999997
0.0003759999999999999,3.92,0.054400000000000004,3.8655999999999997
0.00037699999999999995,3.92,0.0536,3.8664
0.00037799999999999997,3.92,0.0536,3.8664
0.000379,3.92,0.0536,3.8664
0.00038,3.92,0.0536,3.8664
0.00038099999999999994,3.92,0.0536,3.8664
0.00038199999999999996,3.92,0.0528,3.8672
0.000383,3.92,0.0536,3.8664
0.000384,3.92,0.0528,3.8672
0.0003849999999999999,3.92,0.052000000000000005,3.868
0.00038599999999999995,3.92,0.052000000000000005,3.868
0.000387,3.92,0.052000000000000005,3.868
0.000388,3.92,0.0512,3.8688
0.000389,3.96,0.0504,3.9096
0.00038999999999999994,3.96,0.0504,3.9096
0.00039099999999999996,3.96,0.0504,3.9096
0.000392,3.92,0.0504,3.8696
0.000393,3.96,0.0488,3.9112
0.00039399999999999993,3.96,0.049600000000000005,3.9104
0.00039499999999999995,3.96,0.048,3.912
0.000396,3.96,0.048,3.912
0.000397,3.96,0.0472,3.9128
0.000398,3.96,0.0472,3.9128
0.00039899999999999994,3.96,0.046400000000000004,3.9135999999999997
0.00039999999999999996,3.96,0.0456,3.9144
0.000401,3.96,0.0456,3.9144
0.000402,3.96,0.0448,3.9152
0.00040299999999999993,3.96,0.044000000000000004,3.916
0.00040399999999999995,3.96,0.0432,3.9168
0.000405,3.96,0.0424,3.9175999999999997
0.000406,3.96,0.0424,3.9175999999999997
0.0004069999999999999,3.96,0.041600000000000005,3.9184
0.00040799999999999994,3.96,0.0408,3.9192
0.00040899999999999997,3.96,0.04,3.92
0.00041,3.96,0.0392,3.9208
0.000411,3.96,0.0376,3.9224
0.00041199999999999993,3.96,0.0376,3.9224
0.00041299999999999996,3.96,0.0368,3.9232
0.000414,3.96,0.036000000000000004,3.924
0.000415,3.96,0.0352,3.9248
0.0004159999999999999,3.96,0.0344,3.9255999999999998
0.00041699999999999994,4.0,0.033600000000000005,3.9664
0.00041799999999999997,4.0,0.032,3.968
0.000419,4.0,0.032,3.968
0.00042,4.0,0.0304,3.9696
0.00042099999999999993,4.0,0.0296,3.9704
0.00042199999999999996,4.0,0.028800000000000003,3.9712
0.000423,4.0,0.028800000000000003,3.9712
0.000424,4.0,0.027200000000000002,3.9728
0.0004249999999999999,4.0,0.0264,3.9736
0.00042599999999999995,4.0,0.024800000000000003,3.9752
0.00042699999999999997,4.0,0.024,3.976
0.000428,4.0,0.023200000000000002,3.9768
0.000429,4.0,0.0224,3.9776
0.00042999999999999994,4.0,0.020800000000000003,3.9792
0.00043099999999999996,4.0,0.02,3.98
0.000432,4.0,0.019200000000000002,3.9808
0.000433,4.0,0.0184,3.9816
0.0004339999999999999,4.0,0.016800000000000002,3.9832
0.00043499999999999995,4.0,0.016,3.984
0.00043599999999999997,4.0,0.0152,3.9848
0.000437,4.0,0.014400000000000001,3.9856
0.000438,4.0,0.0128,3.9872
0.00043899999999999994,4.0,0.012,3.988
0.00043999999999999996,4.04,0.0112,4.0288
0.000441,4.04,0.010400000000000001,4.0296
0.000442,4.04,0.0088,4.0312
0.0004429999999999999,4.04,0.008,4.032
0.00044399999999999995,4.04,0.0064,4.0336
0.000445,4.04,0.0056,4.0344
0.000446,4.04,0.0048000000000000004,4.0352
0.000447,4.04,0.004,4.0360000000000005
0.00044799999999999994,4.04,0.0032,4.0368
0.00044899999999999996,4.04,0.0016,4.0384
0.00045,4.04,0.0016,4.0384
0.000451,4.04,-0.0008,4.0408
0.00045199999999999993,4.04,-0.0016,4.0416
0.00045299999999999995,4.08,-0.0016,4.0816
0.000454,4.08,-0.0024000000000000002,4.0824
0.000455,4.08,-0.004,4.084
0.0004559999999999999,4.04,-0.0056,4.0456
0.00045699999999999994,4.08,-0.007200000000000001,4.0872
0.00045799999999999997,4.08,-0.007200000000000001,4.0872
0.000459,4.08,-0.0088,4.0888
0.00046,4.08,-0.009600000000000001,4.0896
0.00046099999999999993,4.08,-0.010400000000000001,4.0904
0.00046199999999999995,4.08,-0.0112,4.0912
0.000463,4.08,-0.0128,4.0928
0.000464,4.08,-0.0128,4.0928
0.0004649999999999999,4.08,-0.014400000000000001,4.0944
0.00046599999999999994,4.08,-0.0152,4.0952
0.00046699999999999997,4.08,-0.016,4.096
0.000468,4.08,-0.016800000000000002,4.0968
0.000469,4.08,-0.0176,4.0976
0.00046999999999999993,4.08,-0.019200000000000002,4.0992
0.00047099999999999996,4.08,-0.02,4.1
0.000472,4.08,-0.020800000000000003,4.1008000000000004
0.000473,4.08,-0.020800000000000003,4.1008000000000004
0.0004739999999999999,4.12,-0.0224,4.1424
0.00047499999999999994,4.12,-0.0224,4.1424
0.00047599999999999997,4.12,-0.024,4.144
0.000477,4.08,-0.024800000000000003,4.1048
0.000478,4.12,-0.0256,4.1456
0.00047899999999999993,4.12,-0.0264,4.1464
0.00047999999999999996,4.12,-0.027200000000000002,4.1472
0.000481,4.12,-0.027200000000000002,4.1472
0.000482,4.12,-0.028,4.148
0.0004829999999999999,4.12,-0.028800000000000003,4.1488000000000005
0.00048399999999999995,4.12,-0.0304,4.1504
0.00048499999999999997,4.12,-0.0304,4.1504
0.000486,4.12,-0.031200000000000002,4.1512
0.000487,4.12,-0.032,4.152
0.00048799999999999994,4.12,-0.0328,4.1528
0.000489,4.12,-0.033600000000000005,4.1536
0.00049,4.12,-0.033600000000000005,4.1536
0.000491,4.12,-0.0344,4.1544
0.0004919999999999999,4.12,-0.0352,4.1552
0.000493,4.12,-0.0352,4.1552
0.000494,4.12,-0.036000000000000004,4.156
0.000495,4.12,-0.0368,4.1568000000000005
0.000496,4.12,-0.0376,4.1576
0.0004969999999999999,4.12,-0.038400000000000004,4.1584
0.000498,4.12,-0.0376,4.1576
0.000499,4.16,-0.038400000000000004,4.1984
0.0005,4.12,-0.0392,4.1592
0.0005009999999999999,4.16,-0.04,4.2
0.000502,4.16,-0.04,4.2
0.000503,4.16,-0.04,4.2
0.000504,4.16,-0.0408,4.2008
0.0005049999999999999,4.16,-0.0408,4.2008
0.0005059999999999999,4.16,-0.041600000000000005,4.2016
0.000507,4.16,-0.041600000000000005,4.2016
0.000508,4.16,-0.0424,4.2024
0.000509,4.16,-0.0424,4.2024
0.0005099999999999999,4.16,-0.0424,4.2024
0.000511,4.16,-0.0424,4.2024
0.000512,4.16,-0.0424,4.2024
0.000513,4.16,-0.0424,4.2024
0.0005139999999999999,4.16,-0.0432,4.2032
0.0005149999999999999,4.16,-0.0432,4.2032
0.000516,4.16,-0.0432,4.2032
0.000517,4.16,-0.044000000000000004,4.204
0.000518,4.16,-0.044000000000000004,4.204
0.0005189999999999999,4.16,-0.0432,4.2032
0.00052,4.16,-0.044000000000000004,4.204
0.000521,4.16,-0.044000000000000004,4.204
0.000522,4.16,-0.044000000000000004,4.204
0.0005229999999999999,4.16,-0.044000000000000004,4.204
0.0005239999999999999,4.16,-0.044000000000000004,4.204
0.000525,4.16,-0.0432,4.2032
0.000526,4.16,-0.0432,4.2032
0.000527,4.16,-0.044000000000000004,4.204
0.0005279999999999999,4.16,-0.044000000000000004,4.204
0.000529,4.16,-0.044000000000000004,4.204
0.00053,4.16,-0.0432,4.2032
0.000531,4.16,-0.0432,4.2032
0.0005319999999999999,4.16,-0.0432,4.2032
0.0005329999999999999,4.16,-0.0424,4.2024
0.000534,4.16,-0.0424,4.2024
0.000535,4.16,-0.041600000000000005,4.2016
0.000536,4.16,-0.041600000000000005,4.2016
0.0005369999999999999,4.16,-0.041600000000000005,4.2016
0.000538,4.16,-0.041600000000000005,4.2016
0.000539,4.16,-0.0408,4.2008
0.00054,4.16,-0.0408,4.2008
0.0005409999999999999,4.16,-0.0408,4.2008
0.000542,4.16,-0.0408,4.2008
0.000543,4.16,-0.04,4.2
0.000544,4.16,-0.0392,4.1992
0.0005449999999999999,4.12,-0.038400000000000004,4.1584
0.0005459999999999999,4.12,-0.038400000000000004,4.1584
0.000547,4.12,-0.0376,4.1576
0.000548,4.12,-0.0376,4.1576
0.000549,4.12,-0.0368,4.1568000000000005
0.0005499999999999999,4.12,-0.0368,4.1568000000000005
0.000551,4.12,-0.036000000000000004,4.156
0.000552,4.12,-0.0352,4.1552
0.000553,4.12,-0.0352,4.1552
0.0005539999999999999,4.12,-0.0344,4.1544
0.0005549999999999999,4.12,-0.033600000000000005,4.1536
0.000556,4.12,-0.0328,4.1528
0.000557,4.12,-0.0328,4.1528
0.000558,4.12,-0.032,4.152
0.0005589999999999999,4.12,-0.031200000000000002,4.1512
0.00056,4.12,-0.0304,4.1504
0.000561,4.12,-0.0304,4.1504
0.000562,4.12,-0.0296,4.1496
0.0005629999999999999,4.12,-0.028800000000000003,4.1488000000000005
0.0005639999999999999,4.12,-0.028800000000000003,4.1488000000000005
0.000565,4.08,-0.027200000000000002,4.1072
0.000566,4.12,-0.027200000000000002,4.1472
0.000567,4.08,-0.0264,4.1064
0.0005679999999999999,4.12,-0.0256,4.1456
0.0005690000000000001,4.08,-0.024,4.104
0.00057,4.12,-0.023200000000000002,4.1432
0.0005709999999999999,4.08,-0.023200000000000002,4.1032
0.000572,4.08,-0.0224,4.1024
0.0005729999999999999,4.08,-0.0216,4.1016
0.0005739999999999999,4.12,-0.020800000000000003,4.1408000000000005
0.000575,4.08,-0.02,4.1
0.0005759999999999999,4.08,-0.019200000000000002,4.0992
0.000577,4.08,-0.0184,4.0984
0.000578,4.08,-0.0176,4.0976
0.0005789999999999999,4.08,-0.016800000000000002,4.0968
0.00058,4.08,-0.016,4.096
0.0005809999999999999,4.08,-0.0152,4.0952
0.000582,4.08,-0.014400000000000001,4.0944
0.000583,4.08,-0.013600000000000001,4.0936
0.0005839999999999999,4.08,-0.0128,4.0928
0.000585,4.08,-0.012,4.092
0.0005859999999999999,4.08,-0.0112,4.0912
0.0005870000000000001,4.08,-0.010400000000000001,4.0904
0.000588,4.08,-0.0088,4.0888
0.0005889999999999999,4.08,-0.0088,4.0888
0.00059,4.08,-0.007200000000000001,4.0872
0.0005909999999999999,4.08,-0.0064,4.0864
0.0005919999999999999,4.08,-0.0064,4.0864
0.000593,4.08,-0.0048000000000000004,4.0848
0.0005939999999999999,4.04,-0.004,4.044
0.000595,4.04,-0.0032,4.0432
0.000596,4.04,-0.0032,4.0432
0.0005969999999999999,4.04,-0.0016,4.0416
0.000598,4.04,-0.0008,4.0408
0.0005989999999999999,4.04,0.0,4.04
0.0006000000000000001,4.04,0.0008,4.0392
0.000601,4.04,0.0024000000000000002,4.0376
0.0006019999999999999,4.04,0.0024000000000000002,4.0376
0.000603,4.04,0.0032,4.0368
0.0006039999999999999,4.04,0.004,4.0360000000000005
0.0006050000000000001,4.04,0.0048000000000000004,4.0352
0.000606,4.04,0.0064,4.0336
0.0006069999999999999,4.04,0.007200000000000001,4.0328
0.000608,4.04,0.007200000000000001,4.0328
0.000609,4.04,0.008,4.032
0.0006099999999999999,4.04,0.0088,4.0312
0.000611,4.04,0.010400000000000001,4.0296
0.0006119999999999999,4.04,0.0112,4.0288
0.000613,4.0,0.0112,3.9888
0.000614,4.04,0.012,4.0280000000000005
0.0006149999999999999,4.0,0.0128,3.9872
0.000616,4.0,0.013600000000000001,3.9864
0.0006169999999999999,4.0,0.014400000000000001,3.9856
0.0006180000000000001,4.0,0.0152,3.9848
0.000619,4.0,0.016,3.984
0.0006199999999999999,4.0,0.016800000000000002,3.9832
0.000621,4.0,0.0176,3.9824
0.0006219999999999999,4.0,0.0184,3.9816
0.0006229999999999999,4.0,0.019200000000000002,3.9808
0.000624,4.0,0.019200000000000002,3.9808
0.0006249999999999999,4.0,0.02,3.98
0.000626,4.0,0.020800000000000003,3.9792
0.000627,4.0,0.0224,3.9776
0.0006279999999999999,4.0,0.0224,3.9776
0.000629,4.0,0.023200000000000002,3.9768
0.0006299999999999999,4.0,0.023200000000000002,3.9768
0.000631,4.0,0.024800000000000003,3.9752
0.000632,4.0,0.0256,3.9744
0.0006329999999999999,4.0,0.0256,3.9744
0.000634,4.0,0.0256,3.9744
0.0006349999999999999,4.0,0.0264,3.9736
0.0006360000000000001,4.0,0.027200000000000002,3.9728
0.000637,4.0,0.027200000000000002,3.9728
0.0006379999999999999,4.0,0.028,3.972
0.000639,4.0,0.028800000000000003,3.9712
0.0006399999999999999,4.0,0.028800000000000003,3.9712
0.0006409999999999999,4.0,0.0304,3.9696
0.000642,4.0,0.0296,3.9704
0.0006429999999999999,4.0,0.031200000000000002,3.9688
0.000644,3.96,0.031200000000000002,3.9288
0.000645,3.96,0.031200000000000002,3.9288
0.0006459999999999999,3.96,0.032,3.928
0.000647,4.0,0.0328,3.9672
0.0006479999999999999,4.0,0.033600000000000005,3.9664
0.0006490000000000001,4.0,0.033600000000000005,3.9664
0.00065,4.0,0.033600000000000005,3.9664
0.0006509999999999999,3.96,0.0344,3.9255999999999998
0.000652,3.96,0.033600000000000005,3.9264
0.0006529999999999999,4.0,0.0344,3.9656
0.0006540000000000001,3.96,0.0344,3.9255999999999998
0.000655,4.0,0.0352,3.9648
0.0006559999999999999,3.96,0.0352,3.9248
0.000657,4.0,0.036000000000000004,3.964
0.000658,3.96,0.0352,3.9248
0.0006589999999999999,4.0,0.0368,3.9632
0.00066,3.96,0.036000000000000004,3.924
0.0006609999999999999,3.96,0.0368,3.9232
0.000662,3.96,0.036000000000000004,3.924
0.000663,3.96,0.0368,3.9232
0.0006639999999999999,3.96,0.0368,3.9232
0.000665,3.96,0.0368,3.9232
0.0006659999999999999,3.96,0.0376,3.9224
0.0006670000000000001,3.96,0.0368,3.9232
0.000668,3.96,0.0368,3.9232
0.0006689999999999999,3.96,0.0376,3.9224
0.00067,3.96,0.0376,3.9224
0.0006709999999999999,3.96,0.0376,3.9224
0.0006719999999999999,3.96,0.0376,3.9224
0.000673,3.96,0.0376,3.9224
0.0006739999999999999,3.96,0.0376,3.9224
0.000675,3.96,0.0368,3.9232
0.000676,3.96,0.0368,3.9232
0.0006769999999999999,3.96,0.0368,3.9232
0.000678,3.96,0.0376,3.9224
0.0006789999999999999,4.0,0.0376,3.9624
0.00068,3.96,0.0368,3.9232
0.000681,3.96,0.0368,3.9232
0.0006819999999999999,3.96,0.036000000000000004,3.924
0.000683,3.96,0.036000000000000004,3.924
0.0006839999999999999,3.96,0.0352,3.9248
0.0006850000000000001,4.0,0.036000000000000004,3.964
0.000686,3.96,0.036000000000000004,3.924
0.0006869999999999999,3.96,0.0352,3.9248
0.000688,3.96,0.0352,3.9248
0.0006889999999999999,3.96,0.0344,3.9255999999999998
0.0006899999999999999,4.0,0.0344,3.9656
0.000691,3.96,0.033600000000000005,3.9264
0.0006919999999999999,3.96,0.033600000000000005,3.9264
0.000693,4.0,0.033600000000000005,3.9664
0.000694,3.96,0.0328,3.9272
0.0006949999999999999,4.0,0.0328,3.9672
0.000696,4.0,0.032,3.968
0.0006969999999999999,4.0,0.032,3.968
0.000698,4.0,0.032,3.968
0.000699,4.0,0.031200000000000002,3.9688
0.0006999999999999999,4.0,0.031200000000000002,3.9688
0.000701,4.0,0.0296,3.9704
0.0007019999999999999,4.0,0.0304,3.9696
0.0007030000000000001,4.0,0.0296,3.9704
0.000704,3.96,0.028800000000000003,3.9312
0.0007049999999999999,4.0,0.028,3.972
0.000706,4.0,0.028,3.972
0.000707,4.0,0.027200000000000002,3.9728
0.0007079999999999999,4.0,0.027200000000000002,3.9728
0.000709,4.0,0.0264,3.9736
0.0007099999999999999,4.0,0.0256,3.9744
0.000711,4.0,0.0256,3.9744
0.000712,4.0,0.024,3.976
0.0007129999999999999,4.0,0.024,3.976
0.000714,4.0,0.024,3.976
0.0007149999999999999,4.0,0.023200000000000002,3.9768
0.0007160000000000001,4.0,0.023200000000000002,3.9768
0.000717,4.0,0.0216,3.9784
0.0007179999999999999,4.0,0.0216,3.9784
0.000719,4.0,0.0216,3.9784
0.0007199999999999999,4.0,0.02,3.98
0.0007209999999999999,4.0,0.019200000000000002,3.9808
0.000722,4.0,0.0184,3.9816
0.0007229999999999999,4.0,0.0184,3.9816
0.000724,4.0,0.0176,3.9824
0.000725,4.0,0.016800000000000002,3.9832
0.0007259999999999999,4.0,0.016,3.984
0.000727,4.0,0.016,3.984
0.0007279999999999999,4.0,0.0152,3.9848
0.000729,4.0,0.014400000000000001,3.9856
0.00073,4.04,0.0128,4.0272
0.0007309999999999999,4.0,0.0128,3.9872
0.000732,4.0,0.012,3.988
0.0007329999999999999,4.0,0.0112,3.9888
0.0007340000000000001,4.04,0.0112,4.0288
0.000735,4.04,0.010400000000000001,4.0296
0.0007359999999999999,4.04,0.0088,4.0312
0.000737,4.04,0.0088,4.0312
0.0007379999999999999,4.04,0.008,4.032
0.0007389999999999999,4.04,0.007200000000000001,4.0328
0.00074,4.04,0.007200000000000001,4.0328
0.0007409999999999999,4.04,0.0064,4.0336
0.000742,4.04,0.0056,4.0344
0.000743,4.04,0.0048000000000000004,4.0352
0.0007439999999999999,4.04,0.0032,4.0368
0.000745,4.04,0.0032,4.0368
0.0007459999999999999,4.04,0.0024000000000000002,4.0376
0.000747,4.04,0.0016,4.0384
0.000748,4.04,0.0016,4.0384
0.0007489999999999999,4.04,0.0008,4.0392
0.00075,4.04,-0.0008,4.0408
0.0007509999999999999,4.08,-0.0008,4.0808
0.0007520000000000001,4.04,-0.0024000000000000002,4.0424
0.000753,4.08,-0.0024000000000000002,4.0824
0.0007539999999999999,4.04,-0.0032,4.0432
0.000755,4.04,-0.004,4.044
0.0007559999999999999,4.08,-0.004,4.084
0.0007569999999999999,4.04,-0.0056,4.0456
0.000758,4.08,-0.0056,4.0856
0.0007589999999999999,4.08,-0.0064,4.0864
0.00076,4.04,-0.007200000000000001,4.0472
0.000761,4.08,-0.008,4.088
0.0007619999999999999,4.08,-0.0088,4.0888
0.000763,4.08,-0.0088,4.0888
0.0007639999999999999,4.08,-0.010400000000000001,4.0904
0.0007650000000000001,4.08,-0.010400000000000001,4.0904
0.000766,4.08,-0.0112,4.0912
0.0007669999999999999,4.08,-0.012,4.092
0.000768,4.08,-0.012,4.092
0.0007689999999999999,4.08,-0.0128,4.0928
0.0007699999999999999,4.08,-0.013600000000000001,4.0936
0.000771,4.08,-0.014400000000000001,4.0944
0.0007719999999999999,4.08,-0.0152,4.0952
0.000773,4.08,-0.0152,4.0952
0.000774,4.08,-0.016,4.096
0.0007749999999999999,4.08,-0.016,4.096
0.000776,4.08,-0.016800000000000002,4.0968
0.0007769999999999999,4.08,-0.0176,4.0976
0.000778,4.08,-0.0176,4.0976
0.000779,4.08,-0.0184,4.0984
0.0007799999999999999,4.08,-0.019200000000000002,4.0992
0.000781,4.08,-0.019200000000000002,4.0992
0.0007819999999999999,4.08,-0.02,4.1
0.0007830000000000001,4.08,-0.020800000000000003,4.1008000000000004
0.000784,4.08,-0.0216,4.1016
0.0007849999999999999,4.08,-0.0216,4.1016
0.000786,4.12,-0.0224,4.1424
0.0007869999999999999,4.12,-0.0224,4.1424
0.0007879999999999999,4.12,-0.0224,4.1424
0.000789,4.08,-0.024,4.104
0.0007899999999999999,4.12,-0.024,4.144
0.000791,4.12,-0.024,4.144
0.000792,4.12,-0.024,4.144
0.0007929999999999999,4.12,-0.024800000000000003,4.1448
0.000794,4.08,-0.024800000000000003,4.1048
0.0007949999999999999,4.12,-0.0256,4.1456
0.000796,4.12,-0.0264,4.1464
0.000797,4.08,-0.0264,4.1064
0.0007979999999999999,4.12,-0.0264,4.1464
0.000799,4.12,-0.0264,4.1464
0.0007999999999999999,4.12,-0.0264,4.1464
0.0008009999999999998,4.12,-0.027200000000000002,4.1472
0.000802,4.08,-0.027200000000000002,4.1072
0.0008029999999999999,4.12,-0.028,4.148
0.000804,4.12,-0.028,4.148
0.0008049999999999999,4.12,-0.028,4.148
0.0008059999999999999,4.12,-0.028800000000000003,4.1488000000000005
0.000807,4.12,-0.028800000000000003,4.1488000000000005
0.0008079999999999999,4.12,-0.028800000000000003,4.1488000000000005
0.000809,4.12,-0.028800000000000003,4.1488000000000005
0.00081,4.12,-0.028800000000000003,4.1488000000000005
0.0008109999999999999,4.12,-0.0296,4.1496
0.000812,4.12,-0.028800000000000003,4.1488000000000005
0.0008129999999999999,4.12,-0.0296,4.1496
0.000814,4.12,-0.0296,4.1496
0.000815,4.12,-0.0296,4.1496
0.0008159999999999999,4.12,-0.0296,4.1496
0.000817,4.12,-0.0296,4.1496
0.0008179999999999999,4.12,-0.0296,4.1496
0.0008189999999999998,4.12,-0.0304,4.1504
0.00082,4.12,-0.0296,4.1496
0.0008209999999999999,4.12,-0.0296,4.1496
0.000822,4.12,-0.0296,4.1496
0.000823,4.12,-0.0296,4.1496
0.0008239999999999999,4.12,-0.0296,4.1496
0.000825,4.12,-0.0296,4.1496
0.0008259999999999999,4.12,-0.0296,4.1496
0.000827,4.12,-0.0296,4.1496
0.000828,4.12,-0.0296,4.1496
0.0008289999999999999,4.12,-0.0296,4.1496
0.00083,4.12,-0.028800000000000003,4.1488000000000005
0.0008309999999999999,4.12,-0.028800000000000003,4.1488000000000005
0.0008320000000000001,4.12,-0.028800000000000003,4.1488000000000005
0.000833,4.12,-0.028800000000000003,4.1488000000000005
0.0008339999999999999,4.12,-0.028800000000000003,4.1488000000000005
0.000835,4.12,-0.028800000000000003,4.1488000000000005
0.0008359999999999999,4.12,-0.028,4.148
0.0008369999999999999,4.12,-0.028,4.148
0.000838,4.12,-0.028,4.148
0.0008389999999999999,4.12,-0.027200000000000002,4.1472
0.00084,4.12,-0.027200000000000002,4.1472
0.000841,4.12,-0.027200000000000002,4.1472
0.0008419999999999999,4.12,-0.027200000000000002,4.1472
0.000843,4.12,-0.0264,4.1464
0.0008439999999999999,4.12,-0.0264,4.1464
0.000845,4.12,-0.0256,4.1456
0.000846,4.12,-0.0256,4.1456
0.0008469999999999999,4.12,-0.024800000000000003,4.1448
0.000848,4.12,-0.024800000000000003,4.1448
0.0008489999999999999,4.08,-0.024,4.104
0.0008499999999999998,4.08,-0.024800000000000003,4.1048
0.000851,4.12,-0.024,4.144
0.0008519999999999999,4.08,-0.024,4.104
0.000853,4.12,-0.023200000000000002,4.1432
0.0008539999999999999,4.12,-0.0224,4.1424
0.0008549999999999999,4.12,-0.0224,4.1424
0.000856,4.12,-0.0224,4.1424
0.0008569999999999999,4.08,-0.0216,4.1016
0.000858,4.08,-0.0216,4.1016
0.000859,4.08,-0.020800000000000003,4.1008000000000004
0.0008599999999999999,4.08,-0.020800000000000003,4.1008000000000004
0.000861,4.08,-0.02,4.1
0.0008619999999999999,4.08,-0.02,4.1
0.000863,4.08,-0.019200000000000002,4.0992
0.000864,4.08,-0.0184,4.0984
0.0008649999999999999,4.08,-0.0176,4.0976
0.000866,4.08,-0.0176,4.0976
0.0008669999999999999,4.08,-0.016800000000000002,4.0968
0.0008679999999999998,4.08,-0.016800000000000002,4.0968
0.000869,4.08,-0.016,4.096
0.0008699999999999999,4.08,-0.016,4.096
0.000871,4.08,-0.014400000000000001,4.0944
0.0008719999999999999,4.08,-0.014400000000000001,4.0944
0.0008729999999999999,4.08,-0.014400000000000001,4.0944
0.000874,4.08,-0.013600000000000001,4.0936
0.0008749999999999999,4.08,-0.012,4.092
0.000876,4.08,-0.012,4.092
0.000877,4.08,-0.0112,4.0912
0.0008779999999999999,4.08,-0.0112,4.0912
0.000879,4.08,-0.010400000000000001,4.0904
0.0008799999999999999,4.08,-0.009600000000000001,4.0896
0.0008810000000000001,4.08,-0.0088,4.0888
0.000882,4.08,-0.008,4.088
0.0008829999999999999,4.08,-0.0088,4.0888
0.000884,4.08,-0.008,4.088
0.0008849999999999999,4.08,-0.007200000000000001,4.0872
0.0008859999999999999,4.08,-0.0064,4.0864
0.000887,4.08,-0.0064,4.0864
0.0008879999999999999,4.08,-0.0056,4.0856
0.000889,4.04,-0.0048000000000000004,4.0448
0.00089,4.04,-0.004,4.044
0.0008909999999999999,4.08,-0.004,4.084
0.000892,4.04,-0.0032,4.0432
0.0008929999999999999,4.04,-0.0024000000000000002,4.0424
0.000894,4.04,-0.0024000000000000002,4.0424
0.000895,4.04,-0.0016,4.0416
0.0008959999999999999,4.04,-0.0016,4.0416
0.000897,4.04,0.0,4.04
0.0008979999999999999,4.04,0.0008,4.0392
0.0008989999999999998,4.04,0.0008,4.0392
0.0009,4.04,0.0016,4.0384
0.0009009999999999999,4.04,0.0024000000000000002,4.0376
0.000902,4.04,0.0024000000000000002,4.0376
0.0009029999999999999,4.04,0.0032,4.0368
0.0009039999999999999,4.04,0.004,4.0360000000000005
0.000905,4.04,0.0048000000000000004,4.0352
0.0009059999999999999,4.04,0.0048000000000000004,4.0352
0.000907,4.04,0.0056,4.0344
0.000908,4.04,0.0056,4.0344
0.0009089999999999999,4.04,0.0064,4.0336
0.00091,4.04,0.007200000000000001,4.0328
0.0009109999999999999,4.04,0.008,4.032
0.000912,4.04,0.0088,4.0312
0.000913,4.04,0.0088,4.0312
0.0009139999999999999,4.04,0.009600000000000001,4.0304
0.000915,4.04,0.009600000000000001,4.0304
0.0009159999999999999,4.04,0.010400000000000001,4.0296
0.0009169999999999998,4.04,0.010400000000000001,4.0296
0.000918,4.04,0.0112,4.0288
0.0009189999999999999,4.04,0.012,4.0280000000000005
0.00092,4.04,0.012,4.0280000000000005
0.0009209999999999999,4.04,0.0128,4.0272
0.0009219999999999999,4.0,0.013600000000000001,3.9864
0.000923,4.0,0.013600000000000001,3.9864
0.0009239999999999999,4.0,0.014400000000000001,3.9856
0.000925,4.0,0.014400000000000001,3.9856
0.000926,4.0,0.0152,3.9848
0.0009269999999999999,4.0,0.0152,3.9848
0.000928,4.0,0.016,3.984
0.0009289999999999999,4.0,0.016,3.984
0.00093,4.0,0.016800000000000002,3.9832
0.000931,4.0,0.0176,3.9824
0.0009319999999999999,4.0,0.0176,3.9824
0.000933,4.0,0.0184,3.9816
0.0009339999999999999,4.0,0.019200000000000002,3.9808
0.0009349999999999999,4.0,0.0184,3.9816
0.000936,4.0,0.019200000000000002,3.9808
0.0009369999999999999,4.0,0.02,3.98
0.000938,4.0,0.019200000000000002,3.9808
0.000939,4.0,0.02,3.98
0.0009399999999999999,4.0,0.020800000000000003,3.9792
0.000941,4.0,0.020800000000000003,3.9792
0.0009419999999999999,4.0,0.020800000000000003,3.9792
0.000943,4.0,0.0216,3.9784
0.000944,4.0,0.0216,3.9784
0.0009449999999999999,4.0,0.0216,3.9784
0.000946,4.0,0.0224,3.9776
0.0009469999999999999,4.0,0.0224,3.9776
0.0009479999999999998,4.0,0.0224,3.9776
0.000949,4.0,0.023200000000000002,3.9768
0.0009499999999999999,4.0,0.023200000000000002,3.9768
0.000951,4.0,0.023200000000000002,3.9768
0.0009519999999999999,4.0,0.024,3.976
0.0009529999999999999,4.0,0.024,3.976
0.000954,4.0,0.024800000000000003,3.9752
0.0009549999999999999,4.0,0.024,3.976
0.000956,4.0,0.024800000000000003,3.9752
0.000957,4.0,0.024800000000000003,3.9752
0.0009579999999999999,4.0,0.024800000000000003,3.9752
0.000959,4.0,0.0256,3.9744
0.0009599999999999999,4.0,0.024800000000000003,3.9752
0.000961,4.0,0.0256,3.9744
0.000962,4.0,0.0256,3.9744
0.0009629999999999999,4.0,0.024800000000000003,3.9752
0.000964,4.0,0.0256,3.9744
0.0009649999999999999,4.0,0.024800000000000003,3.9752
0.0009659999999999998,4.0,0.0256,3.9744
0.000967,4.0,0.0256,3.9744
0.0009679999999999999,4.0,0.0256,3.9744
0.000969,4.0,0.0256,3.9744
0.0009699999999999999,4.0,0.0256,3.9744
0.0009709999999999999,4.0,0.0256,3.9744
0.000972,4.0,0.0256,3.9744
0.0009729999999999999,4.0,0.0256,3.9744
0.000974,4.0,0.024800000000000003,3.9752
0.000975,4.0,0.0256,3.9744
0.0009759999999999999,4.0,0.0256,3.9744
0.000977,4.0,0.0256,3.9744
0.000978,4.0,0.0256,3.9744
0.000979,4.0,0.024800000000000003,3.9752
0.00098,4.0,0.024800000000000003,3.9752
0.0009809999999999999,4.0,0.024,3.976
0.000982,4.0,0.024800000000000003,3.9752
0.000983,4.0,0.024800000000000003,3.9752
0.0009839999999999998,4.0,0.024,3.976
0.000985,4.0,0.024,3.976
0.000986,4.0,0.024800000000000003,3.9752
0.000987,4.0,0.024,3.976
0.000988,4.0,0.024,3.976
0.0009889999999999999,4.0,0.024,3.976
0.00099,4.0,0.023200000000000002,3.9768
0.000991,4.0,0.023200000000000002,3.9768
0.000992,4.0,0.0224,3.9776
0.000993,4.0,0.0224,3.9776
0.0009939999999999999,4.0,0.0224,3.9776
0.000995,4.0,0.0224,3.9776
0.000996,4.0,0.0216,3.9784
0.0009969999999999998,4.0,0.0216,3.9784
0.000998,4.0,0.0216,3.9784
0.0009989999999999999,4.0,0.020800000000000003,3.9792
0.001,4.0,0.020800000000000003,3.9792
0.001001,4.0,0.020800000000000003,3.9792
0.0010019999999999999,4.0,0.02,3.98
0.001003,4.0,0.019200000000000002,3.9808
0.001004,4.0,0.019200000000000002,3.9808
0.001005,4.0,0.019200000000000002,3.9808
0.001006,4.0,0.019200000000000002,3.9808
0.0010069999999999999,4.0,0.0184,3.9816
0.001008,4.0,0.0184,3.9816
0.001009,4.0,0.0176,3.9824
0.00101,4.0,0.0176,3.9824
0.001011,4.0,0.016800000000000002,3.9832
0.0010119999999999999,4.0,0.016800000000000002,3.9832
0.001013,4.0,0.016,3.984
0.001014,4.0,0.016,3.984
0.0010149999999999998,4.0,0.016,3.984
0.001016,4.0,0.0152,3.9848
0.001017,4.0,0.014400000000000001,3.9856
0.001018,4.0,0.014400000000000001,3.9856
0.001019,4.0,0.013600000000000001,3.9864
0.0010199999999999999,4.0,0.0128,3.9872
0.001021,4.0,0.0128,3.9872
0.001022,4.04,0.012,4.0280000000000005
0.001023,4.0,0.012,3.988
0.001024,4.0,0.0112,3.9888
0.0010249999999999999,4.04,0.0112,4.0288
0.001026,4.04,0.010400000000000001,4.0296
0.001027,4.04,0.010400000000000001,4.0296
0.001028,4.04,0.010400000000000001,4.0296
0.001029,4.04,0.0088,4.0312
0.0010299999999999999,4.04,0.008,4.032
0.001031,4.04,0.008,4.032
0.001032,4.04,0.008,4.032
0.0010329999999999998,4.04,0.007200000000000001,4.0328
0.001034,4.04,0.0064,4.0336
0.001035,4.04,0.0064,4.0336
0.001036,4.04,0.0056,4.0344
0.001037,4.04,0.0056,4.0344
0.0010379999999999999,4.04,0.0048000000000000004,4.0352
0.001039,4.04,0.004,4.0360000000000005
0.00104,4.04,0.004,4.0360000000000005
0.001041,4.04,0.0032,4.0368
0.001042,4.04,0.0032,4.0368
0.0010429999999999999,4.04,0.0024000000000000002,4.0376
0.001044,4.04,0.0024000000000000002,4.0376
0.001045,4.04,0.0016,4.0384
0.0010459999999999998,4.04,0.0008,4.0392
0.001047,4.04,0.0008,4.0392
0.0010479999999999999,4.04,0.0008,4.0392
0.001049,4.04,0.0,4.04
0.00105,4.04,-0.0008,4.0408
0.0010509999999999999,4.08,-0.0008,4.0808
0.001052,4.08,-0.0016,4.0816
0.001053,4.04,-0.0016,4.0416
0.001054,4.04,-0.0024000000000000002,4.0424
0.001055,4.08,-0.0032,4.0832
0.0010559999999999999,4.04,-0.0032,4.0432
0.001057,4.04,-0.004,4.044
0.001058,4.08,-0.0048000000000000004,4.0848
0.001059,4.04,-0.0048000000000000004,4.0448
0.00106,4.04,-0.0048000000000000004,4.0448
0.0010609999999999999,4.04,-0.0064,4.0464
0.001062,4.08,-0.0064,4.0864
0.001063,4.08,-0.0064,4.0864
0.0010639999999999998,4.08,-0.007200000000000001,4.0872
0.001065,4.08,-0.008,4.088
0.0010659999999999999,4.08,-0.008,4.088
0.001067,4.08,-0.008,4.088
0.001068,4.08,-0.0088,4.0888
0.0010689999999999999,4.08,-0.0088,4.0888
0.00107,4.08,-0.009600000000000001,4.0896
0.001071,4.08,-0.009600000000000001,4.0896
0.001072,4.08,-0.010400000000000001,4.0904
0.001073,4.08,-0.010400000000000001,4.0904
0.0010739999999999999,4.08,-0.0112,4.0912
0.001075,4.08,-0.0112,4.0912
0.001076,4.08,-0.012,4.092
0.001077,4.08,-0.0128,4.0928
0.001078,4.08,-0.0128,4.0928
0.0010789999999999999,4.08,-0.013600000000000001,4.0936
0.00108,4.08,-0.013600000000000001,4.0936
0.001081,4.08,-0.013600000000000001,4.0936
0.0010819999999999998,4.08,-0.014400000000000001,4.0944
0.001083,4.08,-0.014400000000000001,4.0944
0.001084,4.08,-0.0152,4.0952
0.001085,4.08,-0.0152,4.0952
0.001086,4.08,-0.0152,4.0952
0.0010869999999999999,4.08,-0.016,4.096
0.001088,4.08,-0.016,4.096
0.001089,4.08,-0.016,4.096
0.00109,4.08,-0.016800000000000002,4.0968
0.001091,4.08,-0.016800000000000002,4.0968
0.0010919999999999999,4.08,-0.016800000000000002,4.0968
0.001093,4.08,-0.016800000000000002,4.0968
0.001094,4.08,-0.0176,4.0976
0.0010949999999999998,4.08,-0.016800000000000002,4.0968
0.001096,4.08,-0.0176,4.0976
0.0010969999999999999,4.08,-0.0184,4.0984
0.001098,4.08,-0.0184,4.0984
0.001099,4.08,-0.0184,4.0984
0.0010999999999999998,4.08,-0.019200000000000002,4.0992
0.001101,4.08,-0.0184,4.0984
0.001102,4.08,-0.019200000000000002,4.0992
0.001103,4.08,-0.019200000000000002,4.0992
0.001104,4.08,-0.019200000000000002,4.0992
0.0011049999999999999,4.08,-0.019200000000000002,4.0992
0.001106,4.08,-0.019200000000000002,4.0992
0.001107,4.08,-0.019200000000000002,4.0992
0.001108,4.08,-0.019200000000000002,4.0992
0.001109,4.08,-0.02,4.1
0.0011099999999999999,4.08,-0.02,4.1
0.001111,4.08,-0.02,4.1
0.001112,4.08,-0.02,4.1
0.0011129999999999998,4.08,-0.02,4.1
0.001114,4.08,-0.02,4.1
0.0011149999999999999,4.08,-0.02,4.1
0.001116,4.08,-0.02,4.1
0.001117,4.08,-0.02,4.1
0.0011179999999999999,4.08,-0.020800000000000003,4.1008000000000004
0.001119,4.08,-0.02,4.1
0.00112,4.08,-0.020800000000000003,4.1008000000000004
0.001121,4.08,-0.02,4.1
0.001122,4.08,-0.02,4.1
0.0011229999999999999,4.08,-0.020800000000000003,4.1008000000000004
0.001124,4.12,-0.02,4.14
0.001125,4.08,-0.02,4.1
0.001126,4.08,-0.02,4.1
0.001127,4.08,-0.02,4.1
0.0011279999999999999,4.12,-0.02,4.14
0.001129,4.08,-0.02,4.1
0.00113,4.08,-0.019200000000000002,4.0992
0.0011309999999999998,4.08,-0.019200000000000002,4.0992
0.001132,4.08,-0.02,4.1
0.001133,4.08,-0.02,4.1
0.001134,4.08,-0.019200000000000002,4.0992
0.001135,4.08,-0.019200000000000002,4.0992
0.0011359999999999999,4.08,-0.0184,4.0984
0.001137,4.08,-0.019200000000000002,4.0992
0.001138,4.08,-0.0184,4.0984
0.001139,4.08,-0.0184,4.0984
0.00114,4.08,-0.0184,4.0984
0.0011409999999999999,4.08,-0.0184,4.0984
0.001142,4.08,-0.0176,4.0976
0.001143,4.08,-0.0176,4.0976
0.0011439999999999998,4.08,-0.0176,4.0976
0.001145,4.08,-0.0176,4.0976
0.0011459999999999999,4.08,-0.016800000000000002,4.0968
0.001147,4.08,-0.016800000000000002,4.0968
0.001148,4.08,-0.016800000000000002,4.0968
0.0011489999999999998,4.08,-0.016800000000000002,4.0968
0.00115,4.08,-0.016,4.096
0.001151,4.08,-0.016,4.096
0.001152,4.08,-0.0152,4.0952
0.001153,4.08,-0.0152,4.0952
0.0011539999999999999,4.08,-0.0152,4.0952
0.001155,4.08,-0.0152,4.0952
0.001156,4.08,-0.014400000000000001,4.0944
0.001157,4.08,-0.014400000000000001,4.0944
0.001158,4.08,-0.014400000000000001,4.0944
0.0011589999999999999,4.08,-0.013600000000000001,4.0936
0.00116,4.08,-0.013600000000000001,4.0936
0.001161,4.08,-0.013600000000000001,4.0936
0.0011619999999999998,4.08,-0.0128,4.0928
0.001163,4.08,-0.012,4.092
0.0011639999999999999,4.08,-0.012,4.092
0.001165,4.08,-0.012,4.092
0.001166,4.08,-0.0112,4.0912
0.0011669999999999999,4.08,-0.010400000000000001,4.0904
0.001168,4.08,-0.0112,4.0912
0.001169,4.08,-0.0088,4.0888
0.00117,4.08,-0.009600000000000001,4.0896
0.001171,4.08,-0.010400000000000001,4.0904
0.0011719999999999999,4.08,-0.0088,4.0888
0.001173,4.08,-0.008,4.088
0.001174,4.08,-0.009600000000000001,4.0896
0.0011749999999999998,4.08,-0.007200000000000001,4.0872
0.001176,4.08,-0.007200000000000001,4.0872
0.0011769999999999999,4.08,-0.0064,4.0864
0.001178,4.08,-0.0064,4.0864
0.001179,4.04,-0.0064,4.0464
0.0011799999999999998,4.08,-0.0056,4.0856
0.001181,4.08,-0.0056,4.0856
0.0011819999999999999,4.08,-0.0032,4.0832
0.001183,4.04,-0.0048000000000000004,4.0448
0.001184,4.04,-0.0048000000000000004,4.0448
0.0011849999999999999,4.04,-0.004,4.044
0.001186,4.04,-0.0048000000000000004,4.0448
0.001187,4.08,-0.0032,4.0832
0.001188,4.08,-0.0032,4.0832
0.001189,4.04,-0.0032,4.0432
0.0011899999999999999,4.04,-0.0024000000000000002,4.0424
0.001191,4.04,-0.0024000000000000002,4.0424
0.001192,4.08,-0.0016,4.0816
0.0011929999999999998,4.04,-0.0008,4.0408
0.001194,4.04,-0.0008,4.0408
0.0011949999999999999,4.04,0.0,4.04
0.001196,4.04,0.0,4.04
0.001197,4.04,0.0,4.04
0.0011979999999999998,4.04,0.0008,4.0392
0.001199,4.04,0.0008,4.0392
0.0012,4.04,0.0016,4.0384
0.001201,4.04,0.0016,4.0384
0.001202,4.04,0.0032,4.0368
0.0012029999999999999,4.04,0.0032,4.0368
0.001204,4.04,0.004,4.0360000000000005
0.001205,4.04,0.004,4.0360000000000005
0.001206,4.04,0.004,4.0360000000000005
0.001207,4.04,0.004,4.0360000000000005
0.0012079999999999999,4.04,0.0048000000000000004,4.0352
0.001209,4.04,0.0048000000000000004,4.0352
0.00121,4.04,0.0056,4.0344
0.0012109999999999998,4.04,0.0064,4.0336
0.001212,4.04,0.007200000000000001,4.0328
0.0012129999999999999,4.04,0.0064,4.0336
0.001214,4.04,0.007200000000000001,4.0328
0.001215,4.04,0.007200000000000001,4.0328
0.0012159999999999999,4.04,0.008,4.032
0.001217,4.04,0.008,4.032
0.001218,4.04,0.008,4.032
0.001219,4.04,0.0088,4.0312
0.00122,4.04,0.009600000000000001,4.0304
0.0012209999999999999,4.04,0.009600000000000001,4.0304
0.001222,4.04,0.009600000000000001,4.0304
0.001223,4.04,0.009600000000000001,4.0304
0.0012239999999999998,4.04,0.010400000000000001,4.0296
0.001225,4.04,0.010400000000000001,4.0296
0.0012259999999999999,4.04,0.010400000000000001,4.0296
0.001227,4.04,0.0112,4.0288
0.001228,4.04,0.012,4.0280000000000005
0.0012289999999999998,4.0,0.0112,3.9888
0.00123,4.04,0.012,4.0280000000000005
0.0012309999999999999,4.04,0.012,4.0280000000000005
0.001232,4.04,0.012,4.0280000000000005
0.001233,4.0,0.0128,3.9872
0.0012339999999999999,4.0,0.0128,3.9872
0.001235,4.0,0.0128,3.9872
0.001236,4.0,0.013600000000000001,3.9864
0.001237,4.04,0.013600000000000001,4.0264
0.001238,4.0,0.014400000000000001,3.9856
0.0012389999999999999,4.0,0.014400000000000001,3.9856
0.00124,4.0,0.014400000000000001,3.9856
0.001241,4.0,0.014400000000000001,3.9856
0.0012419999999999998,4.0,0.014400000000000001,3.9856
0.001243,4.0,0.0152,3.9848
0.0012439999999999999,4.0,0.0152,3.9848
0.001245,4.0,0.0152,3.9848
0.001246,4.0,0.016,3.984
0.0012469999999999998,4.0,0.016,3.984
0.001248,4.0,0.016,3.984
0.001249,4.0,0.016,3.984
0.00125,4.0,0.016,3.984
0.001251,4.0,0.016,3.984
0.0012519999999999999,4.0,0.016800000000000002,3.9832
0.001253,4.0,0.016800000000000002,3.9832
0.001254,4.0,0.016800000000000002,3.9832
0.001255,4.0,0.016800000000000002,3.9832
0.001256,4.0,0.016800000000000002,3.9832
0.0012569999999999999,4.0,0.016800000000000002,3.9832
0.001258,4.0,0.0176,3.9824
0.001259,4.0,0.0176,3.9824
0.0012599999999999998,4.0,0.0176,3.9824
0.001261,4.0,0.016800000000000002,3.9832
0.0012619999999999999,4.0,0.0176,3.9824
0.001263,4.0,0.0176,3.9824
0.001264,4.0,0.0176,3.9824
0.0012649999999999998,4.0,0.016800000000000002,3.9832
0.001266,4.0,0.0176,3.9824
0.001267,4.0,0.0176,3.9824
0.001268,4.0,0.0176,3.9824
0.001269,4.0,0.0176,3.9824
0.0012699999999999999,4.0,0.0176,3.9824
0.001271,4.0,0.0176,3.9824
0.001272,4.0,0.0176,3.9824
0.0012729999999999998,4.0,0.016800000000000002,3.9832
0.001274,4.0,0.0176,3.9824
0.0012749999999999999,4.0,0.0176,3.9824
0.001276,4.0,0.0176,3.9824
0.001277,4.0,0.0176,3.9824
0.0012779999999999998,4.0,0.0176,3.9824
0.001279,4.0,0.016800000000000002,3.9832
0.0012799999999999999,4.0,0.016800000000000002,3.9832
0.001281,4.0,0.016800000000000002,3.9832
0.001282,4.0,0.016800000000000002,3.9832
0.0012829999999999999,4.0,0.016800000000000002,3.9832
0.001284,4.0,0.016,3.984
0.001285,4.0,0.016,3.984
0.001286,4.0,0.016,3.984
0.001287,4.0,0.016,3.984
0.0012879999999999999,4.0,0.016800000000000002,3.9832
0.001289,4.0,0.0152,3.9848
0.00129,4.0,0.016,3.984
0.0012909999999999998,4.0,0.0152,3.9848
0.001292,4.0,0.0152,3.9848
0.0012929999999999999,4.0,0.016,3.984
0.001294,4.0,0.0152,3.9848
0.001295,4.0,0.014400000000000001,3.9856
0.0012959999999999998,4.0,0.014400000000000001,3.9856
0.001297,4.0,0.014400000000000001,3.9856
0.001298,4.0,0.014400000000000001,3.9856
0.001299,4.0,0.014400000000000001,3.9856
0.0013,4.0,0.013600000000000001,3.9864
0.0013009999999999999,4.0,0.013600000000000001,3.9864
0.001302,4.0,0.0128,3.9872
0.001303,4.0,0.0128,3.9872
0.001304,4.0,0.0128,3.9872
0.001305,4.04,0.0128,4.0272
0.0013059999999999999,4.0,0.0128,3.9872
0.001307,4.0,0.012,3.988
0.001308,4.0,0.012,3.988
0.0013089999999999998,4.04,0.012,4.0280000000000005
0.00131,4.04,0.0112,4.0288
0.0013109999999999999,4.04,0.0112,4.0288
0.001312,4.04,0.0112,4.0288
0.001313,4.04,0.0112,4.0288
0.0013139999999999998,4.04,0.010400000000000001,4.0296
0.001315,4.04,0.010400000000000001,4.0296
0.001316,4.04,0.009600000000000001,4.0304
0.001317,4.04,0.009600000000000001,4.0304
0.001318,4.04,0.009600000000000001,4.0304
0.0013189999999999999,4.04,0.009600000000000001,4.0304
0.00132,4.04,0.008,4.032
0.001321,4.04,0.008,4.032
0.0013219999999999998,4.04,0.008,4.032
0.001323,4.04,0.008,4.032
0.0013239999999999999,4.04,0.007200000000000001,4.0328
0.001325,4.04,0.0064,4.0336
0.001326,4.04,0.007200000000000001,4.0328
0.0013269999999999998,4.04,0.0064,4.0336
0.001328,4.04,0.0064,4.0336
0.0013289999999999999,4.04,0.0056,4.0344
0.00133,4.04,0.0056,4.0344
0.001331,4.04,0.0048000000000000004,4.0352
0.0013319999999999999,4.04,0.0048000000000000004,4.0352
0.001333,4.04,0.0048000000000000004,4.0352
0.001334,4.04,0.004,4.0360000000000005
0.001335,4.04,0.004,4.0360000000000005
0.001336,4.04,0.004,4.0360000000000005
0.0013369999999999999,4.04,0.0032,4.0368
0.001338,4.04,0.0032,4.0368
0.001339,4.04,0.0032,4.0368
0.0013399999999999998,4.04,0.0032,4.0368
0.001341,4.04,0.0024000000000000002,4.0376
0.0013419999999999999,4.04,0.0016,4.0384
0.001343,4.04,0.0016,4.0384
0.001344,4.04,0.0016,4.0384
0.0013449999999999998,4.04,0.0016,4.0384
0.001346,4.04,0.0,4.04
0.0013469999999999999,4.04,0.0,4.04
0.001348,4.04,0.0,4.04
0.001349,4.04,-0.0008,4.0408
0.0013499999999999999,4.08,-0.0008,4.0808
0.001351,4.04,-0.0016,4.0416
0.001352,4.04,-0.0016,4.0416
0.001353,4.08,-0.0016,4.0816
0.001354,4.08,-0.0024000000000000002,4.0824
0.0013549999999999999,4.08,-0.0024000000000000002,4.0824
0.001356,4.08,-0.0024000000000000002,4.0824
0.001357,4.08,-0.0032,4.0832
0.0013579999999999998,4.08,-0.0032,4.0832
0.001359,4.08,-0.0032,4.0832
0.0013599999999999999,4.04,-0.004,4.044
0.001361,4.08,-0.004,4.084
0.001362,4.04,-0.0048000000000000004,4.0448
0.0013629999999999998,4.04,-0.0048000000000000004,4.0448
0.001364,4.04,-0.0056,4.0456
0.001365,4.04,-0.0056,4.0456
0.001366,4.08,-0.0056,4.0856
0.001367,4.08,-0.0056,4.0856
0.0013679999999999999,4.08,-0.0064,4.0864
0.001369,4.08,-0.0064,4.0864
0.00137,4.08,-0.0064,4.0864
0.0013709999999999998,4.08,-0.007200000000000001,4.0872
0.001372,4.08,-0.007200000000000001,4.0872
0.0013729999999999999,4.08,-0.008,4.088
0.001374,4.08,-0.008,4.088
0.001375,4.08,-0.0088,4.0888
0.0013759999999999998,4.08,-0.008,4.088
0.001377,4.08,-0.0088,4.0888
0.0013779999999999999,4.08,-0.0088,4.0888
0.001379,4.08,-0.0088,4.0888
0.00138,4.08,-0.009600000000000001,4.0896
0.0013809999999999998,4.08,-0.009600000000000001,4.0896
0.001382,4.08,-0.009600000000000001,4.0896
0.001383,4.08,-0.009600000000000001,4.0896
0.001384,4.08,-0.009600000000000001,4.0896
0.001385,4.08,-0.010400000000000001,4.0904
0.0013859999999999999,4.08,-0.010400000000000001,4.0904
0.001387,4.08,-0.0112,4.0912
0.001388,4.08,-0.010400000000000001,4.0904
0.0013889999999999998,4.08,-0.0112,4.0912
0.00139,4.08,-0.0112,4.0912
0.0013909999999999999,4.08,-0.0112,4.0912
0.001392,4.08,-0.012,4.092
0.001393,4.08,-0.012,4.092
0.0013939999999999998,4.08,-0.012,4.092
0.001395,4.08,-0.012,4.092
0.0013959999999999999,4.08,-0.012,4.092
0.001397,4.08,-0.012,4.092
0.001398,4.08,-0.012,4.092
0.0013989999999999999,4.08,-0.012,4.092
0.0014,4.08,-0.0128,4.0928
0.001401,4.08,-0.0128,4.0928
0.001402,4.08,-0.013600000000000001,4.0936
0.001403,4.08,-0.013600000000000001,4.0936
0.0014039999999999999,4.08,-0.013600000000000001,4.0936
0.001405,4.08,-0.0128,4.0928
0.001406,4.08,-0.0128,4.0928
0.0014069999999999998,4.08,-0.0128,4.0928
0.001408,4.08,-0.013600000000000001,4.0936
0.0014089999999999999,4.08,-0.013600000000000001,4.0936
0.00141,4.08,-0.013600000000000001,4.0936
0.001411,4.08,-0.0128,4.0928
0.0014119999999999998,4.08,-0.0128,4.0928
0.001413,4.08,-0.013600000000000001,4.0936
0.001414,4.08,-0.013600000000000001,4.0936
0.001415,4.08,-0.013600000000000001,4.0936
0.001416,4.08,-0.013600000000000001,4.0936
0.0014169999999999999,4.08,-0.013600000000000001,4.0936
0.001418,4.08,-0.013600000000000001,4.0936
0.001419,4.08,-0.013600000000000001,4.0936
0.0014199999999999998,4.08,-0.013600000000000001,4.0936
0.001421,4.08,-0.014400000000000001,4.0944
0.0014219999999999999,4.08,-0.013600000000000001,4.0936
0.001423,4.08,-0.013600000000000001,4.0936
0.001424,4.08,-0.013600000000000001,4.0936
0.0014249999999999998,4.08,-0.013600000000000001,4.0936
0.001426,4.08,-0.013600000000000001,4.0936
0.0014269999999999999,4.08,-0.013600000000000001,4.0936
0.001428,4.08,-0.0128,4.0928
0.001429,4.08,-0.013600000000000001,4.0936
0.0014299999999999998,4.08,-0.0128,4.0928
0.001431,4.08,-0.0128,4.0928
0.001432,4.08,-0.0128,4.0928
0.001433,4.08,-0.0128,4.0928
0.001434,4.08,-0.0128,4.0928
0.0014349999999999999,4.08,-0.0128,4.0928
0.001436,4.08,-0.0128,4.0928
0.001437,4.08,-0.0128,4.0928
0.0014379999999999998,4.08,-0.0128,4.0928
0.001439,4.08,-0.012,4.092
0.0014399999999999999,4.08,-0.012,4.092
0.001441,4.08,-0.012,4.092
0.001442,4.08,-0.0112,4.0912
0.0014429999999999998,4.08,-0.012,4.092
0.001444,4.08,-0.012,4.092
0.0014449999999999999,4.08,-0.0112,4.0912
0.001446,4.08,-0.0112,4.0912
0.001447,4.08,-0.012,4.092
0.0014479999999999999,4.08,-0.010400000000000001,4.0904
0.001449,4.08,-0.010400000000000001,4.0904
0.00145,4.08,-0.010400000000000001,4.0904
0.001451,4.08,-0.010400000000000001,4.0904
0.001452,4.08,-0.009600000000000001,4.0896
0.0014529999999999999,4.08,-0.010400000000000001,4.0904
0.001454,4.08,-0.009600000000000001,4.0896
0.001455,4.08,-0.009600000000000001,4.0896
0.0014559999999999998,4.08,-0.009600000000000001,4.0896
0.001457,4.08,-0.009600000000000001,4.0896
0.0014579999999999999,4.08,-0.009600000000000001,4.0896
0.001459,4.08,-0.0088,4.0888
0.00146,4.08,-0.0088,4.0888
0.0014609999999999998,4.08,-0.0088,4.0888
0.001462,4.08,-0.008,4.088
0.0014629999999999999,4.08,-0.007200000000000001,4.0872
0.001464,4.08,-0.008,4.088
0.001465,4.08,-0.007200000000000001,4.0872
0.0014659999999999999,4.08,-0.007200000000000001,4.0872
0.001467,4.08,-0.0064,4.0864
0.001468,4.08,-0.0064,4.0864
0.0014689999999999998,4.08,-0.0064,4.0864
0.00147,4.08,-0.0064,4.0864
0.0014709999999999999,4.08,-0.0056,4.0856
0.001472,4.08,-0.0056,4.0856
0.001473,4.08,-0.0056,4.0856
0.0014739999999999998,4.08,-0.0048000000000000004,4.0848
0.001475,4.08,-0.0048000000000000004,4.0848
0.0014759999999999999,4.08,-0.0048000000000000004,4.0848
0.001477,4.08,-0.004,4.084
0.001478,4.04,-0.004,4.044
0.0014789999999999998,4.04,-0.0032,4.0432
0.00148,4.04,-0.0032,4.0432
0.001481,4.04,-0.0032,4.0432
0.001482,4.04,-0.0032,4.0432
0.001483,4.04,-0.0032,4.0432
0.0014839999999999999,4.08,-0.0024000000000000002,4.0824
0.001485,4.04,-0.0024000000000000002,4.0424
0.001486,4.04,-0.0016,4.0416
0.0014869999999999998,4.08,-0.0016,4.0816
0.001488,4.04,-0.0008,4.0408
0.0014889999999999999,4.04,-0.0016,4.0416
0.00149,4.04,-0.0008,4.0408
0.001491,4.04,0.0,4.04
0.0014919999999999998,4.04,0.0,4.04
0.001493,4.04,0.0,4.04
0.0014939999999999999,4.04,0.0,4.04
0.001495,4.04,0.0008,4.0392
0.001496,4.04,0.0008,4.0392
0.0014969999999999998,4.04,0.0008,4.0392
0.001498,4.04,0.0016,4.0384
0.001499,4.04,0.0016,4.0384
0.0014999999999999998,4.04,0.0016,4.0384
0.001501,4.04,0.0024000000000000002,4.0376
0.0015019999999999999,4.04,0.0024000000000000002,4.0376
0.001503,4.04,0.0024000000000000002,4.0376
0.001504,4.04,0.0024000000000000002,4.0376
0.0015049999999999998,4.04,0.0032,4.0368
0.001506,4.04,0.004,4.0360000000000005
0.0015069999999999999,4.04,0.0032,4.0368
0.001508,4.04,0.004,4.0360000000000005
0.001509,4.04,0.004,4.0360000000000005
0.0015099999999999998,4.04,0.004,4.0360000000000005
0.001511,4.04,0.0048000000000000004,4.0352
0.0015119999999999999,4.04,0.0048000000000000004,4.0352
0.001513,4.04,0.0048000000000000004,4.0352
0.001514,4.04,0.0056,4.0344
0.0015149999999999999,4.04,0.0056,4.0344
0.001516,4.04,0.0056,4.0344
0.001517,4.04,0.0064,4.0336
0.0015179999999999998,4.04,0.0064,4.0336
0.001519,4.04,0.0064,4.0336
0.0015199999999999999,4.04,0.007200000000000001,4.0328
0.001521,4.04,0.007200000000000001,4.0328
0.001522,4.04,0.007200000000000001,4.0328
0.0015229999999999998,4.04,0.007200000000000001,4.0328
0.001524,4.04,0.007200000000000001,4.0328
0.0015249999999999999,4.04,0.008,4.032
0.001526,4.04,0.008,4.032
0.001527,4.04,0.008,4.032
0.0015279999999999998,4.04,0.007200000000000001,4.0328
0.001529,4.04,0.0088,4.0312
0.00153,4.04,0.0088,4.0312
0.001531,4.04,0.0088,4.0312
0.001532,4.04,0.0088,4.0312
0.0015329999999999999,4.04,0.009600000000000001,4.0304
0.001534,4.04,0.009600000000000001,4.0304
0.001535,4.04,0.009600000000000001,4.0304
0.0015359999999999998,4.04,0.0088,4.0312
0.001537,4.04,0.009600000000000001,4.0304
0.0015379999999999999,4.04,0.009600000000000001,4.0304
0.001539,4.04,0.010400000000000001,4.0296
0.00154,4.04,0.010400000000000001,4.0296
0.0015409999999999998,4.04,0.010400000000000001,4.0296
0.001542,4.04,0.010400000000000001,4.0296
0.0015429999999999999,4.04,0.010400000000000001,4.0296
0.001544,4.04,0.0112,4.0288
0.0015449999999999997,4.04,0.0112,4.0288
0.0015459999999999998,4.0,0.0112,3.9888
0.001547,4.04,0.0112,4.0288
0.0015480000000000001,4.04,0.012,4.0280000000000005
0.0015489999999999998,4.04,0.0112,4.0288
0.00155,4.04,0.0112,4.0288
0.001551,4.04,0.0112,4.0288
0.0015519999999999998,4.04,0.0112,4.0288
0.001553,4.04,0.0112,4.0288
0.001554,4.04,0.012,4.0280000000000005
0.0015549999999999997,4.0,0.012,3.988
0.0015559999999999999,4.04,0.012,4.0280000000000005
0.001557,4.04,0.012,4.0280000000000005
0.0015579999999999997,4.04,0.012,4.0280000000000005
0.0015589999999999998,4.04,0.012,4.0280000000000005
0.00156,4.0,0.012,3.988
0.001561,4.04,0.012,4.0280000000000005
0.0015619999999999998,4.04,0.012,4.0280000000000005
0.001563,4.04,0.012,4.0280000000000005
0.001564,4.04,0.0128,4.0272
0.0015649999999999998,4.04,0.012,4.0280000000000005
0.001566,4.04,0.012,4.0280000000000005
0.001567,4.0,0.012,3.988
0.0015679999999999997,4.0,0.012,3.988
0.0015689999999999999,4.04,0.012,4.0280000000000005
0.00157,4.04,0.012,4.0280000000000005
0.0015710000000000001,4.04,0.012,4.0280000000000005
0.0015719999999999998,4.0,0.012,3.988
0.001573,4.04,0.012,4.0280000000000005
0.001574,4.04,0.012,4.0280000000000005
0.0015749999999999998,4.04,0.012,4.0280000000000005
0.001576,4.04,0.012,4.0280000000000005
0.001577,4.04,0.012,4.0280000000000005
0.0015779999999999998,4.0,0.012,3.988
0.0015789999999999999,4.04,0.012,4.0280000000000005
0.00158,4.04,0.012,4.0280000000000005
0.0015809999999999997,4.04,0.0112,4.0288
0.0015819999999999999,4.04,0.0112,4.0288
0.001583,4.04,0.0112,4.0288
0.0015840000000000001,4.04,0.0112,4.0288
0.0015849999999999998,4.04,0.0112,4.0288
0.001586,4.04,0.0112,4.0288
0.001587,4.04,0.0112,4.0288
0.0015879999999999998,4.04,0.0112,4.0288
0.001589,4.04,0.010400000000000001,4.0296
0.00159,4.04,0.010400000000000001,4.0296
0.0015909999999999997,4.04,0.010400000000000001,4.0296
0.0015919999999999999,4.04,0.010400000000000001,4.0296
0.001593,4.04,0.0112,4.0288
0.0015939999999999997,4.04,0.010400000000000001,4.0296
0.0015949999999999998,4.04,0.010400000000000001,4.0296
0.001596,4.04,0.009600000000000001,4.0304
0.0015970000000000001,4.04,0.010400000000000001,4.0296
0.0015979999999999998,4.04,0.009600000000000001,4.0304
0.001599,4.04,0.0088,4.0312
0.0016,4.04,0.009600000000000001,4.0304
0.0016009999999999998,4.04,0.0088,4.0312
0.001602,4.04,0.009600000000000001,4.0304
0.001603,4.04,0.0088,4.0312
0.0016039999999999997,4.04,0.0088,4.0312
0.0016049999999999999,4.04,0.008,4.032
0.001606,4.04,0.008,4.032
0.0016069999999999997,4.04,0.008,4.032
0.0016079999999999998,4.04,0.008,4.032
0.001609,4.04,0.008,4.032
0.00161,4.04,0.008,4.032
0.0016109999999999998,4.04,0.008,4.032
0.001612,4.04,0.007200000000000001,4.0328
0.001613,4.04,0.007200000000000001,4.0328
0.0016139999999999998,4.04,0.0064,4.0336
0.001615,4.04,0.007200000000000001,4.0328
0.001616,4.04,0.0064,4.0336
0.0016169999999999997,4.04,0.0064,4.0336
0.0016179999999999999,4.04,0.0056,4.0344
0.001619,4.04,0.0056,4.0344
0.0016200000000000001,4.04,0.0056,4.0344
0.0016209999999999998,4.04,0.0056,4.0344
0.001622,4.04,0.0056,4.0344
0.001623,4.04,0.0048000000000000004,4.0352
0.0016239999999999998,4.04,0.0048000000000000004,4.0352
0.001625,4.04,0.0048000000000000004,4.0352
0.001626,4.04,0.0048000000000000004,4.0352
0.0016269999999999998,4.04,0.0048000000000000004,4.0352
0.0016279999999999999,4.04,0.004,4.0360000000000005
0.001629,4.04,0.004,4.0360000000000005
0.0016299999999999997,4.04,0.0032,4.0368
0.0016309999999999999,4.04,0.0032,4.0368
0.001632,4.04,0.0032,4.0368
0.0016330000000000001,4.04,0.0024000000000000002,4.0376
0.0016339999999999998,4.04,0.0024000000000000002,4.0376
0.001635,4.04,0.0032,4.0368
0.001636,4.04,0.0024000000000000002,4.0376
0.0016369999999999998,4.04,0.0024000000000000002,4.0376
0.001638,4.04,0.0024000000000000002,4.0376
0.001639,4.04,0.0024000000000000002,4.0376
0.0016399999999999997,4.04,0.0016,4.0384
0.0016409999999999999,4.04,0.0016,4.0384
0.001642,4.04,0.0016,4.0384
0.0016429999999999997,4.04,0.0008,4.0392
0.0016439999999999998,4.04,0.0008,4.0392
0.001645,4.04,0.0,4.04
0.0016460000000000001,4.04,0.0,4.04
0.0016469999999999998,4.04,0.0,4.04
0.001648,4.04,-0.0008,4.0408
0.001649,4.08,0.0,4.08
0.0016499999999999998,4.04,-0.0008,4.0408
0.001651,4.04,-0.0008,4.0408
0.001652,4.04,-0.0008,4.0408
0.0016529999999999997,4.04,-0.0008,4.0408
0.0016539999999999999,4.04,-0.0016,4.0416
0.001655,4.04,-0.0016,4.0416
0.0016559999999999997,4.04,-0.0024000000000000002,4.0424
0.0016569999999999998,4.08,-0.0024000000000000002,4.0824
0.001658,4.04,-0.0024000000000000002,4.0424
0.001659,4.08,-0.0024000000000000002,4.0824
0.0016599999999999998,4.04,-0.0032,4.0432
0.001661,4.04,-0.0032,4.0432
0.001662,4.04,-0.0032,4.0432
0.0016629999999999998,4.08,-0.0032,4.0832
0.001664,4.04,-0.004,4.044
0.001665,4.08,-0.004,4.084
0.0016659999999999997,4.04,-0.004,4.044
0.0016669999999999999,4.04,-0.0048000000000000004,4.0448
0.001668,4.08,-0.0048000000000000004,4.0848
0.0016690000000000001,4.08,-0.004,4.084
0.0016699999999999998,4.08,-0.004,4.084
0.001671,4.04,-0.0048000000000000004,4.0448
0.001672,4.08,-0.0048000000000000004,4.0848
0.0016729999999999998,4.08,-0.0048000000000000004,4.0848
0.001674,4.08,-0.0056,4.0856
0.001675,4.08,-0.0056,4.0856
0.0016759999999999998,4.08,-0.0056,4.0856
0.0016769999999999999,4.08,-0.0064,4.0864
0.001678,4.08,-0.0064,4.0864
0.0016789999999999997,4.08,-0.0064,4.0864
0.0016799999999999999,4.08,-0.0064,4.0864
0.001681,4.08,-0.0064,4.0864
0.0016820000000000001,4.08,-0.0064,4.0864
0.0016829999999999998,4.08,-0.0064,4.0864
0.001684,4.08,-0.007200000000000001,4.0872
0.001685,4.08,-0.007200000000000001,4.0872
0.0016859999999999998,4.08,-0.007200000000000001,4.0872
0.001687,4.08,-0.007200000000000001,4.0872
0.001688,4.08,-0.007200000000000001,4.0872
0.0016889999999999997,4.08,-0.008,4.088
0.0016899999999999999,4.08,-0.007200000000000001,4.0872
0.001691,4.08,-0.008,4.088
0.0016919999999999997,4.08,-0.008,4.088
0.0016929999999999998,4.08,-0.007200000000000001,4.0872
0.001694,4.08,-0.0088,4.0888
0.0016950000000000001,4.08,-0.008,4.088
0.0016959999999999998,4.08,-0.0088,4.0888
0.001697,4.08,-0.008,4.088
0.001698,4.08,-0.008,4.088
0.0016989999999999998,4.08,-0.008,4.088
0.0017,4.08,-0.0088,4.0888
0.001701,4.08,-0.0088,4.0888
0.0017019999999999997,4.08,-0.0088,4.0888
0.0017029999999999999,4.08,-0.0088,4.0888
0.001704,4.08,-0.0088,4.0888
0.0017049999999999997,4.08,-0.0088,4.0888
0.0017059999999999998,4.08,-0.009600000000000001,4.0896
0.001707,4.08,-0.0088,4.0888
0.001708,4.08,-0.0088,4.0888
0.0017089999999999998,4.08,-0.0088,4.0888
0.00171,4.08,-0.009600000000000001,4.0896
0.001711,4.08,-0.0088,4.0888
0.0017119999999999998,4.08,-0.009600000000000001,4.0896
0.001713,4.08,-0.009600000000000001,4.0896
0.001714,4.08,-0.009600000000000001,4.0896
0.0017149999999999997,4.08,-0.009600000000000001,4.0896
0.0017159999999999999,4.08,-0.0088,4.0888
0.001717,4.08,-0.009600000000000001,4.0896
0.0017180000000000001,4.08,-0.009600000000000001,4.0896
0.0017189999999999998,4.08,-0.0088,4.0888
0.00172,4.08,-0.0088,4.0888
0.001721,4.08,-0.0088,4.0888
0.0017219999999999998,4.08,-0.0088,4.0888
0.001723,4.08,-0.009600000000000001,4.0896
0.001724,4.08,-0.0088,4.0888
0.0017249999999999998,4.08,-0.0088,4.0888
0.0017259999999999999,4.08,-0.0088,4.0888
0.001727,4.08,-0.009600000000000001,4.0896
0.0017279999999999997,4.08,-0.0088,4.0888
0.0017289999999999999,4.08,-0.0088,4.0888
0.00173,4.08,-0.0088,4.0888
0.0017310000000000001,4.08,-0.0088,4.0888
0.0017319999999999998,4.08,-0.0088,4.0888
0.001733,4.08,-0.0088,4.0888
0.001734,4.08,-0.008,4.088
0.0017349999999999998,4.08,-0.0088,4.0888
0.001736,4.08,-0.0088,4.0888
0.001737,4.08,-0.008,4.088
0.0017379999999999997,4.08,-0.0088,4.0888
0.0017389999999999999,4.08,-0.008,4.088
0.00174,4.08,-0.008,4.088
0.0017409999999999997,4.08,-0.008,4.088
0.0017419999999999998,4.08,-0.008,4.088
0.001743,4.08,-0.008,4.088
0.001744,4.08,-0.008,4.088
0.0017449999999999998,4.08,-0.007200000000000001,4.0872
0.001746,4.08,-0.007200000000000001,4.0872
0.001747,4.08,-0.0064,4.0864
0.0017479999999999998,4.08,-0.007200000000000001,4.0872
0.001749,4.08,-0.007200000000000001,4.0872
0.00175,4.08,-0.007200000000000001,4.0872
0.0017509999999999997,4.08,-0.0064,4.0864
0.0017519999999999999,4.08,-0.0064,4.0864
0.001753,4.08,-0.0056,4.0856
0.0017539999999999997,4.08,-0.0064,4.0864
0.0017549999999999998,4.08,-0.0064,4.0864
0.001756,4.08,-0.0064,4.0864
0.001757,4.08,-0.0056,4.0856
0.0017579999999999998,4.08,-0.0056,4.0856
0.001759,4.08,-0.0056,4.0856
0.00176,4.04,-0.0048000000000000004,4.0448
0.0017609999999999998,4.04,-0.0048000000000000004,4.0448
0.001762,4.08,-0.0048000000000000004,4.0848
0.001763,4.08,-0.0048000000000000004,4.0848
0.0017639999999999997,4.08,-0.0048000000000000004,4.0848
0.0017649999999999999,4.04,-0.0048000000000000004,4.0448
0.001766,4.08,-0.0048000000000000004,4.0848
0.0017670000000000001,4.04,-0.004,4.044
0.0017679999999999998,4.08,-0.004,4.084
0.001769,4.08,-0.004,4.084
0.00177,4.08,-0.004,4.084
0.0017709999999999998,4.04,-0.004,4.044
0.001772,4.08,-0.0032,4.0832
0.001773,4.04,-0.0032,4.0432
0.0017739999999999998,4.04,-0.0032,4.0432
0.0017749999999999999,4.04,-0.0032,4.0432
0.001776,4.08,-0.0016,4.0816
0.0017769999999999997,4.04,-0.0032,4.0432
0.0017779999999999998,4.04,-0.0024000000000000002,4.0424
0.001779,4.04,-0.0024000000000000002,4.0424
0.0017800000000000001,4.08,-0.0016,4.0816
0.0017809999999999998,4.04,-0.0016,4.0416
0.001782,4.08,-0.0016,4.0816
0.001783,4.08,-0.0016,4.0816
0.0017839999999999998,4.04,-0.0008,4.0408
0.001785,4.08,-0.0016,4.0816
0.001786,4.04,-0.0008,4.0408
0.0017869999999999997,4.04,-0.0008,4.0408
0.0017879999999999999,4.04,-0.0008,4.0408
0.001789,4.04,-0.0008,4.0408
0.0017899999999999997,4.04,0.0,4.04
0.0017909999999999998,4.04,0.0,4.04
0.001792,4.04,0.0,4.04
0.001793,4.04,0.0008,4.0392
0.0017939999999999998,4.04,0.0,4.04
0.001795,4.04,0.0008,4.0392
0.001796,4.04,0.0008,4.0392
0.0017969999999999998,4.04,0.0016,4.0384
0.001798,4.04,0.0008,4.0392
0.001799,4.04,0.0016,4.0384
0.0017999999999999997,4.04,0.0016,4.0384
0.0018009999999999999,4.04,0.0016,4.0384
0.001802,4.04,0.0024000000000000002,4.0376
0.0018029999999999997,4.04,0.0016,4.0384
0.0018039999999999998,4.04,0.0024000000000000002,4.0376
0.001805,4.04,0.0024000000000000002,4.0376
0.001806,4.04,0.0024000000000000002,4.0376
0.0018069999999999998,4.04,0.0024000000000000002,4.0376
0.001808,4.04,0.0032,4.0368
0.001809,4.04,0.0032,4.0368
0.0018099999999999998,4.04,0.0032,4.0368
0.001811,4.04,0.0032,4.0368
0.001812,4.04,0.0032,4.0368
0.0018129999999999997,4.04,0.0032,4.0368
0.0018139999999999999,4.04,0.0032,4.0368
0.001815,4.04,0.0048000000000000004,4.0352
0.0018160000000000001,4.04,0.004,4.0360000000000005
0.0018169999999999998,4.04,0.004,4.0360000000000005
0.001818,4.04,0.0048000000000000004,4.0352
0.001819,4.04,0.004,4.0360000000000005
0.0018199999999999998,4.04,0.0048000000000000004,4.0352
0.001821,4.04,0.0048000000000000004,4.0352
0.001822,4.04,0.0056,4.0344
0.0018229999999999998,4.04,0.0056,4.0344
0.0018239999999999999,4.04,0.0056,4.0344
0.001825,4.04,0.0048000000000000004,4.0352
0.0018259999999999997,4.04,0.0048000000000000004,4.0352
0.0018269999999999998,4.04,0.0056,4.0344
0.001828,4.04,0.0056,4.0344
0.0018290000000000001,4.04,0.0064,4.0336
0.0018299999999999998,4.04,0.0064,4.0336
0.001831,4.04,0.0064,4.0336
0.001832,4.04,0.0064,4.0336
0.0018329999999999998,4.04,0.007200000000000001,4.0328
0.001834,4.04,0.0064,4.0336
0.001835,4.04,0.0064,4.0336
0.0018359999999999997,4.04,0.0064,4.0336
0.0018369999999999999,4.04,0.007200000000000001,4.0328
0.001838,4.04,0.007200000000000001,4.0328
0.0018389999999999997,4.04,0.007200000000000001,4.0328
0.0018399999999999998,4.04,0.007200000000000001,4.0328
0.001841,4.04,0.007200000000000001,4.0328
0.001842,4.04,0.008,4.032
0.0018429999999999998,4.04,0.008,4.032
0.001844,4.04,0.007200000000000001,4.0328
0.001845,4.04,0.008,4.032
0.0018459999999999998,4.04,0.007200000000000001,4.0328
0.001847,4.04,0.008,4.032
0.001848,4.04,0.008,4.032
0.0018489999999999997,4.04,0.007200000000000001,4.0328
0.0018499999999999999,4.04,0.008,4.032
0.001851,4.04,0.008,4.032
0.0018519999999999997,4.04,0.008,4.032
0.0018529999999999998,4.04,0.008,4.032
0.001854,4.04,0.008,4.032
0.001855,4.04,0.008,4.032
0.0018559999999999998,4.04,0.008,4.032
0.001857,4.04,0.008,4.032
0.001858,4.04,0.008,4.032
0.0018589999999999998,4.04,0.008,4.032
0.0018599999999999999,4.04,0.008,4.032
0.001861,4.04,0.008,4.032
0.0018619999999999997,4.04,0.008,4.032
0.0018629999999999999,4.04,0.0088,4.0312
0.001864,4.04,0.008,4.032
0.0018650000000000001,4.04,0.008,4.032
0.0018659999999999998,4.04,0.008,4.032
0.001867,4.04,0.0088,4.0312
0.001868,4.04,0.008,4.032
0.0018689999999999998,4.04,0.0088,4.0312
0.00187,4.04,0.008,4.032
0.001871,4.04,0.0088,4.0312
0.0018719999999999997,4.04,0.0088,4.0312
0.0018729999999999999,4.04,0.0088,4.0312
0.001874,4.04,0.008,4.032
0.0018749999999999997,4.04,0.008,4.032
0.0018759999999999998,4.04,0.0088,4.0312
0.001877,4.04,0.008,4.032
0.0018780000000000001,4.04,0.008,4.032
0.0018789999999999998,4.04,0.008,4.032
0.00188,4.04,0.008,4.032
0.001881,4.04,0.008,4.032
0.0018819999999999998,4.04,0.008,4.032
0.001883,4.04,0.008,4.032
0.001884,4.04,0.008,4.032
0.0018849999999999997,4.04,0.008,4.032
0.0018859999999999999,4.04,0.007200000000000001,4.0328
0.001887,4.04,0.008,4.032
0.0018879999999999997,4.04,0.008,4.032
0.0018889999999999998,4.04,0.008,4.032
0.00189,4.04,0.007200000000000001,4.0328
0.001891,4.04,0.007200000000000001,4.0328
0.0018919999999999998,4.04,0.007200000000000001,4.0328
0.001893,4.04,0.007200000000000001,4.0328
0.001894,4.04,0.007200000000000001,4.0328
0.0018949999999999998,4.04,0.007200000000000001,4.0328
0.001896,4.04,0.007200000000000001,4.0328
0.001897,4.04,0.0064,4.0336
0.0018979999999999997,4.04,0.0064,4.0336
0.0018989999999999999,4.04,0.007200000000000001,4.0328
0.0019,4.04,0.0064,4.0336
0.0019009999999999997,4.04,0.0064,4.0336
0.0019019999999999998,4.04,0.0064,4.0336
0.001903,4.04,0.0064,4.0336
0.001904,4.04,0.0056,4.0344
0.0019049999999999998,4.04,0.0056,4.0344
0.001906,4.04,0.0056,4.0344
0.001907,4.04,0.0056,4.0344
0.0019079999999999998,4.04,0.0056,4.0344
0.0019089999999999999,4.04,0.0056,4.0344
0.00191,4.04,0.0056,4.0344
0.0019109999999999997,4.04,0.0048000000000000004,4.0352
0.0019119999999999999,4.04,0.0048000000000000004,4.0352
0.001913,4.04,0.0048000000000000004,4.0352
0.0019140000000000001,4.04,0.0048000000000000004,4.0352
0.0019149999999999998,4.04,0.0048000000000000004,4.0352
0.001916,4.04,0.0048000000000000004,4.0352
0.001917,4.04,0.004,4.0360000000000005
0.0019179999999999998,4.04,0.004,4.0360000000000005
0.001919,4.04,0.004,4.0360000000000005
0.00192,4.04,0.004,4.0360000000000005
0.0019209999999999997,4.04,0.004,4.0360000000000005
0.0019219999999999999,4.04,0.0032,4.0368
0.001923,4.04,0.004,4.0360000000000005
0.0019239999999999997,4.04,0.0032,4.0368
0.0019249999999999998,4.04,0.0032,4.0368
0.001926,4.04,0.0032,4.0368
0.0019270000000000001,4.04,0.0032,4.0368
0.0019279999999999998,4.04,0.0024000000000000002,4.0376
0.001929,4.04,0.0032,4.0368
0.00193,4.04,0.0032,4.0368
0.0019309999999999998,4.04,0.0024000000000000002,4.0376
0.001932,4.04,0.0016,4.0384
0.001933,4.04,0.0024000000000000002,4.0376
0.0019339999999999997,4.04,0.0016,4.0384
0.0019349999999999999,4.04,0.0024000000000000002,4.0376
0.001936,4.04,0.0016,4.0384
0.0019369999999999997,4.04,0.0016,4.0384
0.0019379999999999998,4.04,0.0016,4.0384
0.001939,4.04,0.0008,4.0392
0.00194,4.04,0.0008,4.0392
0.0019409999999999998,4.04,0.0008,4.0392
0.001942,4.04,0.0008,4.0392
0.001943,4.04,0.0008,4.0392
0.0019439999999999998,4.04,0.0,4.04
0.001945,4.04,0.0,4.04
0.001946,4.04,0.0,4.04
0.0019469999999999997,4.04,0.0,4.04
0.0019479999999999999,4.04,0.0,4.04
0.001949,4.04,0.0,4.04
0.0019499999999999997,4.04,-0.0008,4.0408
0.0019509999999999998,4.04,-0.0008,4.0408
0.001952,4.04,-0.0008,4.0408
0.001953,4.04,-0.0008,4.0408
0.001954,4.04,-0.0016,4.0416
0.001955,4.04,-0.0008,4.0408
0.0019560000000000003,4.08,-0.0016,4.0816
0.0019569999999999995,4.04,-0.0008,4.0408
0.0019579999999999997,4.04,-0.0016,4.0416
0.001959,4.04,-0.0016,4.0416
0.00196,4.08,-0.0016,4.0816
0.001961,4.04,-0.0016,4.0416
0.001962,4.08,-0.0024000000000000002,4.0824
0.0019630000000000003,4.04,-0.0016,4.0416
0.0019639999999999996,4.04,-0.0024000000000000002,4.0424
0.0019649999999999997,4.04,-0.0032,4.0432
0.001966,4.08,-0.0024000000000000002,4.0824
0.001967,4.08,-0.0024000000000000002,4.0824
0.001968,4.04,-0.0032,4.0432
0.0019690000000000003,4.04,-0.0024000000000000002,4.0424
0.0019699999999999995,4.04,-0.0032,4.0432
0.0019709999999999997,4.08,-0.0032,4.0832
0.001972,4.08,-0.0032,4.0832
0.001973,4.04,-0.0032,4.0432
0.001974,4.08,-0.004,4.084
0.001975,4.08,-0.0032,4.0832
0.0019760000000000003,4.04,-0.0032,4.0432
0.0019769999999999996,4.04,-0.004,4.044
0.0019779999999999997,4.08,-0.004,4.084
0.001979,4.08,-0.004,4.084
0.00198,4.08,-0.004,4.084
0.001981,4.04,-0.004,4.044
0.0019820000000000003,4.04,-0.004,4.044
0.0019829999999999995,4.08,-0.0048000000000000004,4.0848
0.0019839999999999997,4.08,-0.0048000000000000004,4.0848
0.001985,4.08,-0.0048000000000000004,4.0848
0.001986,4.04,-0.0048000000000000004,4.0448
0.001987,4.08,-0.0048000000000000004,4.0848
0.001988,4.08,-0.0048000000000000004,4.0848
0.0019890000000000003,4.08,-0.004,4.084
0.0019899999999999996,4.08,-0.0056,4.0856
0.0019909999999999997,4.08,-0.0048000000000000004,4.0848
0.001992,4.08,-0.0056,4.0856
0.001993,4.08,-0.0056,4.0856
0.001994,4.08,-0.0056,4.0856
0.0019950000000000002,4.08,-0.0056,4.0856
0.0019959999999999995,4.04,-0.0048000000000000004,4.0448
0.0019969999999999996,4.08,-0.0056,4.0856
0.0019979999999999998,4.08,-0.0056,4.0856
0.001999,4.08,-0.0056,4.0856
0.002,4.08,-0.0056,4.0856
0.002001,4.08,-0.0056,4.0856
0.0020020000000000003,4.08,-0.0056,4.0856
0.0020029999999999996,4.08,-0.0056,4.0856
0.0020039999999999997,4.08,-0.0056,4.0856
0.002005,4.08,-0.0056,4.0856
0.002006,4.08,-0.0056,4.0856
0.002007,4.08,-0.0064,4.0864
0.0020080000000000002,4.08,-0.0056,4.0856
0.0020089999999999995,4.08,-0.0064,4.0864
0.0020099999999999996,4.08,-0.0056,4.0856
0.0020109999999999998,4.08,-0.0056,4.0856
0.002012,4.08,-0.0056,4.0856
0.002013,4.08,-0.0056,4.0856
0.002014,4.08,-0.0056,4.0856
0.0020150000000000003,4.08,-0.0064,4.0864
0.0020159999999999996,4.08,-0.0064,4.0864
0.0020169999999999997,4.08,-0.0064,4.0864
0.002018,4.08,-0.0064,4.0864
0.002019,4.04,-0.0064,4.0464
0.00202,4.08,-0.0064,4.0864
0.0020210000000000002,4.08,-0.0056,4.0856
0.0020219999999999995,4.08,-0.0056,4.0856
0.0020229999999999996,4.08,-0.0056,4.0856
0.0020239999999999998,4.08,-0.0064,4.0864
0.002025,4.08,-0.0056,4.0856
0.002026,4.08,-0.0064,4.0864
0.002027,4.08,-0.0056,4.0856
0.0020280000000000003,4.08,-0.0056,4.0856
0.0020289999999999996,4.08,-0.0056,4.0856
0.0020299999999999997,4.08,-0.0056,4.0856
0.002031,4.08,-0.0056,4.0856
0.002032,4.08,-0.0056,4.0856
0.002033,4.08,-0.0048000000000000004,4.0848
0.0020340000000000002,4.08,-0.0056,4.0856
0.0020349999999999995,4.08,-0.0056,4.0856
0.0020359999999999996,4.08,-0.0056,4.0856
0.0020369999999999997,4.08,-0.0048000000000000004,4.0848
0.002038,4.08,-0.0056,4.0856
0.002039,4.08,-0.0056,4.0856
0.00204,4.08,-0.0056,4.0856
0.0020410000000000003,4.08,-0.0048000000000000004,4.0848
0.0020419999999999995,4.08,-0.0048000000000000004,4.0848
0.0020429999999999997,4.08,-0.0048000000000000004,4.0848
0.002044,4.08,-0.0048000000000000004,4.0848
0.002045,4.08,-0.0048000000000000004,4.0848
0.002046,4.08,-0.0048000000000000004,4.0848
0.002047,4.08,-0.004,4.084
0.0020479999999999995,4.08,-0.0048000000000000004,4.0848
0.0020489999999999996,4.04,-0.004,4.044
0.0020499999999999997,4.08,-0.004,4.084
0.002051,4.04,-0.004,4.044
0.002052,4.08,-0.0032,4.0832
0.002053,4.08,-0.004,4.084
0.0020540000000000003,4.08,-0.0032,4.0832
0.0020549999999999995,4.08,-0.004,4.084
0.0020559999999999997,4.04,-0.0032,4.0432
0.002057,4.08,-0.004,4.084
0.002058,4.08,-0.004,4.084
0.002059,4.04,-0.0032,4.0432
0.00206,4.08,-0.0032,4.0832
0.0020609999999999995,4.04,-0.0032,4.0432
0.0020619999999999996,4.04,-0.0032,4.0432
0.0020629999999999997,4.08,-0.0032,4.0832
0.002064,4.08,-0.0024000000000000002,4.0824
0.002065,4.04,-0.0024000000000000002,4.0424
0.002066,4.08,-0.0024000000000000002,4.0824
0.0020670000000000003,4.08,-0.0024000000000000002,4.0824
0.0020679999999999995,4.08,-0.0024000000000000002,4.0824
0.0020689999999999997,4.08,-0.0024000000000000002,4.0824
0.00207,4.04,-0.0024000000000000002,4.0424
0.002071,4.08,-0.0024000000000000002,4.0824
0.002072,4.04,-0.0024000000000000002,4.0424
0.002073,4.08,-0.0016,4.0816
0.0020740000000000003,4.08,-0.0016,4.0816
0.0020749999999999996,4.08,-0.0016,4.0816
0.0020759999999999997,4.08,-0.0016,4.0816
0.002077,4.08,-0.0016,4.0816
0.002078,4.04,-0.0008,4.0408
0.002079,4.08,-0.0008,4.0808
0.0020800000000000003,4.04,-0.0008,4.0408
0.0020809999999999995,4.04,-0.0008,4.0408
0.0020819999999999996,4.04,-0.0008,4.0408
0.0020829999999999998,4.04,-0.0008,4.0408
0.002084,4.04,-0.0008,4.0408
0.002085,4.04,-0.0008,4.0408
0.002086,4.04,0.0,4.04
0.0020870000000000003,4.08,0.0,4.08
0.0020879999999999996,4.04,0.0,4.04
0.0020889999999999997,4.04,0.0,4.04
